Coin_id,Date,Price
tether,2025-02-11 00:00:00,87.48879916832932
tether,2025-02-12 00:00:00,86.77296282751185
tether,2025-02-13 00:00:00,86.9841289319177
tether,2025-02-14 00:00:00,86.7483604376665
tether,2025-02-15 00:00:00,86.67352048400447
tether,2025-02-16 00:00:00,86.64380769292174
tether,2025-02-17 00:00:00,86.65386981110584
tether,2025-02-18 00:00:00,86.85006587965675
tether,2025-02-19 00:00:00,86.83498814018469
tether,2025-02-20 00:00:00,86.87436821095929
tether,2025-02-21 00:00:00,86.48306445726779
tether,2025-02-22 00:00:00,86.59724497176629
tether,2025-02-23 00:00:00,86.60503792020138
tether,2025-02-24 00:00:00,86.59852290184845
tether,2025-02-25 00:00:00,86.6619969660395
tether,2025-02-26 00:00:00,86.99164442417067
tether,2025-02-27 00:00:00,87.05077142767247
tether,2025-02-28 00:00:00,87.24438711142197
tether,2025-03-01 00:00:00,87.42296225315927
tether,2025-03-02 00:00:00,87.43658594808893
tether,2025-03-03 00:00:00,87.47003615438128
tether,2025-03-04 00:00:00,87.26461166558117
tether,2025-03-05 00:00:00,87.19760153544729
tether,2025-03-06 00:00:00,86.85293459270139
tether,2025-03-07 00:00:00,87.130685741554
tether,2025-03-08 00:00:00,87.11183401219961
tether,2025-03-09 00:00:00,87.08233549262111
tether,2025-03-10 00:00:00,87.10034733623596
tether,2025-03-11 00:00:00,87.29978709002062
tether,2025-03-12 00:00:00,87.17692699400506
tether,2025-03-13 00:00:00,87.13812439531706
tether,2025-03-14 00:00:00,86.88227677312257
tether,2025-03-15 00:00:00,86.94921680100975
tether,2025-03-16 00:00:00,86.94389363361535
tether,2025-03-17 00:00:00,86.93794292174915
tether,2025-03-18 00:00:00,86.91162498732017
tether,2025-03-19 00:00:00,86.55062124305569
tether,2025-03-20 00:00:00,86.35903278492714
tether,2025-03-21 00:00:00,86.27903846450975
tether,2025-03-22 00:00:00,85.95866042648954
tether,2025-03-23 00:00:00,85.9799918495505
tether,2025-03-24 00:00:00,85.99487545180361
tether,2025-03-25 00:00:00,85.56623682089695
tether,2025-03-26 00:00:00,85.60505163395878
tether,2025-03-27 00:00:00,85.65936651729078
tether,2025-03-28 00:00:00,85.67335919646858
tether,2025-03-29 00:00:00,85.50070025979748
tether,2025-03-30 00:00:00,85.51084614037516
tether,2025-03-31 00:00:00,85.52084756288973
tether,2025-04-01 00:00:00,85.41206359379504
tether,2025-04-02 00:00:00,85.5849496864284
tether,2025-04-03 00:00:00,85.6761598207736
tether,2025-04-04 00:00:00,85.24511390484845
tether,2025-04-05 00:00:00,85.5661985291957
tether,2025-04-06 00:00:00,85.49568968485505
tether,2025-04-07 00:00:00,85.45426169674982
tether,2025-04-08 00:00:00,85.98356950367794
tether,2025-04-09 00:00:00,86.35241410213946
tether,2025-04-10 00:00:00,86.18814526365533
tether,2025-04-11 00:00:00,86.21000906223857
tether,2025-04-12 00:00:00,86.04341248201443
tether,2025-04-13 00:00:00,85.96411661704484
tether,2025-04-14 00:00:00,85.94839986278411
tether,2025-04-15 00:00:00,86.02483249955277
tether,2025-04-16 00:00:00,85.72212946217893
tether,2025-04-17 00:00:00,85.62082361532676
tether,2025-04-18 00:00:00,85.38406088965168
tether,2025-04-19 00:00:00,85.37037204912903
tether,2025-04-20 00:00:00,85.37573578611993
tether,2025-04-21 00:00:00,85.38151888919427
tether,2025-04-22 00:00:00,85.15997232308388
tether,2025-04-23 00:00:00,85.26928353549717
tether,2025-04-24 00:00:00,85.53309052358021
tether,2025-04-25 00:00:00,85.25665212218877
tether,2025-04-26 00:00:00,85.43692338751637
tether,2025-04-27 00:00:00,85.4124937469656
tether,2025-04-28 00:00:00,85.41364771445048
tether,2025-04-29 00:00:00,85.1792488506429
tether,2025-04-30 00:00:00,85.19186692504695
tether,2025-05-01 00:00:00,84.56842522735435
tether,2025-05-02 00:00:00,84.72143692477849
tether,2025-05-03 00:00:00,84.66198576779752
tether,2025-05-04 00:00:00,84.64989023486065
tether,2025-05-05 00:00:00,84.52978130383568
tether,2025-05-06 00:00:00,84.21417463632208
tether,2025-05-07 00:00:00,84.73599019648395
tether,2025-05-08 00:00:00,84.83282740724479
tether,2025-05-09 00:00:00,86.02914921640757
tether,2025-05-10 00:00:00,85.41568222748235
tether,2025-05-11 00:00:00,85.41712733923939
tether,2025-05-12 00:00:00,85.42898961498291
tether,2025-05-13 00:00:00,84.95652139253393
tether,2025-05-14 00:00:00,85.06156417476146
tether,2025-05-15 00:00:00,85.48823723690717
tether,2025-05-16 00:00:00,85.45656192963469
tether,2025-05-17 00:00:00,85.60168980329202
tether,2025-05-18 00:00:00,85.6092168588343
tether,2025-05-19 00:00:00,85.5270435261299
tether,2025-05-20 00:00:00,85.39817385178996
tether,2025-05-21 00:00:00,85.5574306577747
tether,2025-05-22 00:00:00,85.63163566501078
tether,2025-05-23 00:00:00,85.99115187130867
tether,2025-05-24 00:00:00,85.08388346482636
tether,2025-05-25 00:00:00,85.09325889425735
tether,2025-05-26 00:00:00,85.22865612080716
tether,2025-05-27 00:00:00,85.18093962269563
tether,2025-05-28 00:00:00,85.39669345824056
tether,2025-05-29 00:00:00,85.4052947205679
tether,2025-05-30 00:00:00,85.35724386429538
tether,2025-05-31 00:00:00,85.58984664926011
tether,2025-06-01 00:00:00,85.59658469286101
tether,2025-06-02 00:00:00,85.5563529489217
tether,2025-06-03 00:00:00,85.39681423567808
tether,2025-06-04 00:00:00,85.7564471650407
tether,2025-06-05 00:00:00,85.93913530548173
tether,2025-06-06 00:00:00,85.90869091197705
tether,2025-06-07 00:00:00,85.84476147301244
tether,2025-06-08 00:00:00,85.82584934522494
tether,2025-06-09 00:00:00,85.81535004059877
tether,2025-06-10 00:00:00,85.78084450272435
tether,2025-06-11 00:00:00,85.65857775303438
tether,2025-06-12 00:00:00,85.4820574765995
tether,2025-06-13 00:00:00,85.71186331793116
tether,2025-06-14 00:00:00,86.14792041627604
tether,2025-06-15 00:00:00,86.14647537272096
tether,2025-06-16 00:00:00,86.12327231151762
tether,2025-06-17 00:00:00,86.13602992064845
tether,2025-06-18 00:00:00,86.35699142609901
tether,2025-06-19 00:00:00,86.62723601577105
tether,2025-06-20 00:00:00,86.74229506504231
tether,2025-06-21 00:00:00,86.60305512132527
tether,2025-06-22 00:00:00,86.6169466622025
tether,2025-06-23 00:00:00,86.59580048336504
tether,2025-06-24 00:00:00,86.40380690891152
tether,2025-06-25 00:00:00,86.00974451148616
tether,2025-06-26 00:00:00,86.04675823077042
tether,2025-06-27 00:00:00,85.70312960692094
tether,2025-06-28 00:00:00,85.53787082600891
tether,2025-06-29 00:00:00,85.5325791073527
tether,2025-06-30 00:00:00,85.46600406267324
tether,2025-07-01 00:00:00,85.72185130518295
tether,2025-07-02 00:00:00,85.73789654348656
tether,2025-07-03 00:00:00,85.72260504432407
tether,2025-07-04 00:00:00,85.42620080018943
tether,2025-07-05 00:00:00,85.63834651243872
tether,2025-07-06 00:00:00,85.81550473224671
tether,2025-07-07 00:00:00,85.50080347794888
tether,2025-07-08 00:00:00,85.8931511462235
tether,2025-07-09 00:00:00,85.71745265403365
tether,2025-07-10 00:00:00,85.72963895170048
tether,2025-07-11 00:00:00,85.7367951539024
tether,2025-07-12 00:00:00,85.85227877587944
tether,2025-07-13 00:00:00,85.85061649402768
tether,2025-07-14 00:00:00,85.84713404704165
tether,2025-07-15 00:00:00,85.9788836587437
tether,2025-07-16 00:00:00,85.99614027111835
tether,2025-07-17 00:00:00,85.92092361254213
tether,2025-07-18 00:00:00,86.09793480404404
tether,2025-07-19 00:00:00,86.18837553232646
tether,2025-07-20 00:00:00,86.18240819304249
tether,2025-07-21 00:00:00,86.18316667030595
tether,2025-07-22 00:00:00,86.30931582921966
tether,2025-07-23 00:00:00,86.374857116835
tether,2025-07-24 00:00:00,86.43062185519801
tether,2025-07-25 00:00:00,86.46549430247569
tether,2025-07-26 00:00:00,86.5079067153148
tether,2025-07-27 00:00:00,86.52243726818574
tether,2025-07-28 00:00:00,86.52789458004021
tether,2025-07-29 00:00:00,86.77257651023056
tether,2025-07-30 00:00:00,87.0447381138731
tether,2025-07-31 00:00:00,87.66199308684169
tether,2025-08-01 00:00:00,87.47687374098898
tether,2025-08-02 00:00:00,87.12827066746021
tether,2025-08-03 00:00:00,87.14631032765092
tether,2025-08-04 00:00:00,87.24786620155615
tether,2025-08-05 00:00:00,87.88635216255223
tether,2025-08-06 00:00:00,87.71607532269402
tether,2025-08-07 00:00:00,87.77852723054042
tether,2025-08-08 00:00:00,87.4444950197738
tether,2025-08-09 00:00:00,87.7304688799895
tether,2025-08-10 00:00:00,87.73905734147515
tether,2025-08-11 00:00:00,87.49382998052141
tether,2025-08-12 00:00:00,87.66325855501688
tether,2025-08-13 00:00:00,87.57426395817158
tether,2025-08-14 00:00:00,87.47159503365995
tether,2025-08-15 00:00:00,87.7507816372641
tether,2025-08-16 00:00:00,87.57103102116423
tether,2025-08-17 00:00:00,87.56566303963238
tether,2025-08-18 00:00:00,87.56915502746656
tether,2025-08-19 00:00:00,87.3340088432775
tether,2025-08-20 00:00:00,87.06237707950677
tether,2025-08-21 00:00:00,87.02531092350665
tether,2025-08-22 00:00:00,87.27411100595894
tether,2025-08-23 00:00:00,87.30311165905988
tether,2025-08-24 00:00:00,87.29882406170462
tether,2025-08-25 00:00:00,87.3250208029963
tether,2025-08-26 00:00:00,87.62524577288721
tether,2025-08-27 00:00:00,87.6555295525574
tether,2025-08-28 00:00:00,87.668600994889
tether,2025-08-29 00:00:00,87.60195342039783
tether,2025-08-30 00:00:00,88.18667861075136
tether,2025-08-31 00:00:00,88.19307898655691
tether,2025-09-01 00:00:00,88.18864003171554
tether,2025-09-02 00:00:00,88.00873910734951
tether,2025-09-03 00:00:00,88.00002982554487
tether,2025-09-04 00:00:00,88.10692319228819
tether,2025-09-05 00:00:00,88.20504329957987
tether,2025-09-06 00:00:00,88.20372141914076
tether,2025-09-07 00:00:00,88.21983030547217
tether,2025-09-08 00:00:00,88.18847972275259
tether,2025-09-09 00:00:00,87.98584666444708
tether,2025-09-10 00:00:00,88.22328147418891
tether,2025-09-11 00:00:00,88.0799119922726
tether,2025-09-12 00:00:00,88.30068969250112
tether,2025-09-13 00:00:00,88.33560397637382
tether,2025-09-14 00:00:00,88.32785330203377
tether,2025-09-15 00:00:00,88.3351205913677
tether,2025-09-16 00:00:00,88.15077362664188
tether,2025-09-17 00:00:00,87.91150541711174
tether,2025-09-18 00:00:00,87.93977895055079
tether,2025-09-19 00:00:00,88.23765391962607
tether,2025-09-20 00:00:00,88.13802082148666
tether,2025-09-21 00:00:00,88.139164151048
tether,2025-09-22 00:00:00,88.1346583356557
tether,2025-09-23 00:00:00,88.37661271837068
tether,2025-09-24 00:00:00,88.82656484403672
tether,2025-09-25 00:00:00,88.80868751998199
tether,2025-09-26 00:00:00,88.81435164667624
tether,2025-09-27 00:00:00,88.72140292397307
tether,2025-09-28 00:00:00,88.71734688895152
tether,2025-09-29 00:00:00,88.70541085832512
tether,2025-09-30 00:00:00,88.7491896902959
tether,2025-10-01 00:00:00,88.8426089698473
tether,2025-10-02 00:00:00,88.72426143807172
tether,2025-10-03 00:00:00,88.76512104961576
tether,2025-10-04 00:00:00,88.78362210279245
tether,2025-10-05 00:00:00,88.76623479806274
tether,2025-10-06 00:00:00,88.75366387498042
tether,2025-10-07 00:00:00,88.75288542329216
tether,2025-10-08 00:00:00,88.77735469974357
tether,2025-10-09 00:00:00,88.78940863615091
tether,2025-10-10 00:00:00,88.91298299022279
tether,2025-10-11 00:00:00,88.90605760034835
tether,2025-10-12 00:00:00,88.89251175516847
tether,2025-10-13 00:00:00,88.86461911659299
tether,2025-10-14 00:00:00,88.75798894617424
tether,2025-10-15 00:00:00,88.84161342512054
tether,2025-10-16 00:00:00,87.87595476797446
tether,2025-10-17 00:00:00,88.03026630514042
tether,2025-10-18 00:00:00,88.09120710681987
tether,2025-10-19 00:00:00,88.07983302001
tether,2025-10-20 00:00:00,88.05341963633443
tether,2025-10-21 00:00:00,87.9260315917352
tether,2025-10-22 00:00:00,88.06928167631557
tether,2025-10-23 00:00:00,87.77158858695039
tether,2025-10-24 00:00:00,87.81763959771669
tether,2025-10-25 00:00:00,87.8550746128549
tether,2025-10-26 00:00:00,87.85314930031927
tether,2025-10-27 00:00:00,87.85195702568677
tether,2025-10-28 00:00:00,88.23580845345
tether,2025-10-29 00:00:00,88.25448192741274
tether,2025-10-30 00:00:00,88.37203661224855
tether,2025-10-31 00:00:00,88.64761241704615
tether,2025-11-01 00:00:00,88.82065097034915
tether,2025-11-02 00:00:00,88.75800024218165
tether,2025-11-03 00:00:00,88.79262580633974
tether,2025-11-04 00:00:00,88.71741213008899
tether,2025-11-05 00:00:00,88.73379965537089
tether,2025-11-06 00:00:00,88.5625678020861
tether,2025-11-07 00:00:00,88.63797690855044
tether,2025-11-08 00:00:00,88.6391072849014
tether,2025-11-09 00:00:00,88.64810924782387
tether,2025-11-10 00:00:00,88.63797258022694
tether,2025-11-11 00:00:00,88.6721395259377
tether,2025-11-12 00:00:00,88.40908429110375
tether,2025-11-13 00:00:00,88.57768259711408
tether,2025-11-14 00:00:00,88.75966779895626
tether,2025-11-15 00:00:00,88.65745562119984
tether,2025-11-16 00:00:00,88.65619087029994
tether,2025-11-17 00:00:00,88.62689987537672
tether,2025-11-18 00:00:00,88.54166896625892
tether,2025-11-19 00:00:00,88.51590926900492
tether,2025-11-20 00:00:00,88.4108653142146
tether,2025-11-21 00:00:00,88.59563784626259
tether,2025-11-22 00:00:00,89.58183385437731
tether,2025-11-23 00:00:00,89.60575823562925
tether,2025-11-24 00:00:00,89.61286862659206
tether,2025-11-25 00:00:00,89.13868923900014
tether,2025-11-26 00:00:00,89.1257096830021
tether,2025-11-27 00:00:00,89.15845599673318
tether,2025-11-28 00:00:00,89.36495482281371
tether,2025-11-29 00:00:00,89.36856427843449
tether,2025-11-30 00:00:00,89.37830938750452
tether,2025-12-01 00:00:00,89.37112064045994
tether,2025-12-02 00:00:00,89.61795485812628
tether,2025-12-03 00:00:00,89.94838626297397
tether,2025-12-04 00:00:00,90.19657892405961
tether,2025-12-05 00:00:00,89.85301183611787
tether,2025-12-06 00:00:00,89.97342634793257
tether,2025-12-07 00:00:00,89.98474906827668
tether,2025-12-08 00:00:00,89.97259854785385
tether,2025-12-09 00:00:00,90.14013168471735
tether,2025-12-10 00:00:00,89.92478216651145
tether,2025-12-11 00:00:00,89.81184332576044
tether,2025-12-12 00:00:00,90.2697965268675
tether,2025-12-13 00:00:00,90.54461267113906
tether,2025-12-14 00:00:00,90.59905295741481
tether,2025-12-15 00:00:00,90.60135439015166
tether,2025-12-16 00:00:00,90.78498450129678
tether,2025-12-17 00:00:00,90.93947274605033
tether,2025-12-18 00:00:00,90.39586093549374
tether,2025-12-19 00:00:00,90.22639439481647
tether,2025-12-20 00:00:00,89.53005618629385
tether,2025-12-21 00:00:00,89.55329537913303
tether,2025-12-22 00:00:00,89.55235938559296
tether,2025-12-23 00:00:00,89.56321616946981
tether,2025-12-24 00:00:00,89.42824078050577
tether,2025-12-25 00:00:00,89.78689321529701
tether,2025-12-26 00:00:00,90.06553404658248
tether,2025-12-27 00:00:00,89.72933722342869
tether,2025-12-28 00:00:00,89.76687299943417
tether,2025-12-29 00:00:00,89.75957578168293
tether,2025-12-30 00:00:00,89.80272658845097
tether,2025-12-31 00:00:00,89.68155241771825
tether,2026-01-01 00:00:00,89.86010638630553
tether,2026-01-02 00:00:00,89.86570510038233
tether,2026-01-03 00:00:00,89.97829419376352
tether,2026-01-04 00:00:00,89.98313618928253
tether,2026-01-05 00:00:00,89.9794305246393
tether,2026-01-06 00:00:00,90.22984949955419
tether,2026-01-07 00:00:00,90.11703926114808
tether,2026-01-08 00:00:00,89.7856606556656
tether,2026-01-09 00:00:00,89.82985588533627
tether,2026-01-10 00:00:00,90.15349935308005
tether,2026-01-11 00:00:00,90.15550929326064
tether,2026-01-12 00:00:00,90.12924081121562
tether,2026-01-13 00:00:00,90.03425860537745
tether,2026-01-14 00:00:00,90.24459865393862
tether,2026-01-15 00:00:00,90.24498201655751
tether,2026-01-16 00:00:00,90.33675913039339
tether,2026-01-17 00:00:00,90.69074291688807
tether,2026-01-18 00:00:00,90.83776783825128
tether,2026-01-19 00:00:00,90.68339984388055
tether,2026-01-20 00:00:00,90.84651949988248
tether,2026-01-21 00:00:00,91.01366646915989
tether,2026-01-22 00:00:00,91.45755919235742
tether,2026-01-23 00:00:00,91.47153938859708
tether,2026-01-24 00:00:00,91.49463866061221
tether,2026-01-25 00:00:00,91.46082307004623
tether,2026-01-26 00:00:00,91.5501111949003
tether,2026-01-27 00:00:00,91.61728715188963
tether,2026-01-28 00:00:00,91.4157096633518
tether,2026-01-29 00:00:00,91.90782656395334
tether,2026-01-30 00:00:00,91.643309265233
tether,2026-01-31 00:00:00,91.54713924898934
tether,2026-02-01 00:00:00,91.58626145922887
tether,2026-02-02 00:00:00,91.60327421251533
tether,2026-02-03 00:00:00,90.37535097601004
tether,2026-02-04 00:00:00,90.30711451597838
tether,2026-02-05 00:00:00,90.25754714478542
tether,2026-02-06 00:00:00,90.15474465431593
tether,2026-02-07 00:00:00,90.54112624507336
tether,2026-02-08 00:00:00,90.54490136224952
tether,2026-02-09 00:00:00,90.5241178608326
tether,2026-02-10 00:00:00,90.73829171749978
tether,2026-02-10 04:50:50,90.65553955088406
bitcoin,2025-02-11 00:00:00,8519902.0973004
bitcoin,2025-02-12 00:00:00,8311326.258525673
bitcoin,2025-02-13 00:00:00,8509967.786199097
bitcoin,2025-02-14 00:00:00,8375908.598984329
bitcoin,2025-02-15 00:00:00,8449165.834342096
bitcoin,2025-02-16 00:00:00,8452533.700253459
bitcoin,2025-02-17 00:00:00,8331280.757968706
bitcoin,2025-02-18 00:00:00,8318633.34814442
bitcoin,2025-02-19 00:00:00,8297394.500778342
bitcoin,2025-02-20 00:00:00,8388981.733716331
bitcoin,2025-02-21 00:00:00,8507227.974250102
bitcoin,2025-02-22 00:00:00,8330049.59390641
bitcoin,2025-02-23 00:00:00,8362407.852954888
bitcoin,2025-02-24 00:00:00,8341958.303704703
bitcoin,2025-02-25 00:00:00,7922797.740624487
bitcoin,2025-02-26 00:00:00,7729282.415455005
bitcoin,2025-02-27 00:00:00,7314307.147526646
bitcoin,2025-02-28 00:00:00,7397416.663356487
bitcoin,2025-03-01 00:00:00,7386259.847331922
bitcoin,2025-03-02 00:00:00,7523008.862171689
bitcoin,2025-03-03 00:00:00,8244472.61232367
bitcoin,2025-03-04 00:00:00,7521257.854514662
bitcoin,2025-03-05 00:00:00,7615008.334491884
bitcoin,2025-03-06 00:00:00,7869430.047939962
bitcoin,2025-03-07 00:00:00,7841736.557001183
bitcoin,2025-03-08 00:00:00,7562231.150267524
bitcoin,2025-03-09 00:00:00,7503958.351863089
bitcoin,2025-03-10 00:00:00,7035607.792612969
bitcoin,2025-03-11 00:00:00,6882112.04135304
bitcoin,2025-03-12 00:00:00,7220111.199834512
bitcoin,2025-03-13 00:00:00,7311397.167011021
bitcoin,2025-03-14 00:00:00,7049331.751158462
bitcoin,2025-03-15 00:00:00,7301205.756783538
bitcoin,2025-03-16 00:00:00,7337203.4861049205
bitcoin,2025-03-17 00:00:00,7182714.546311197
bitcoin,2025-03-18 00:00:00,7307625.213417549
bitcoin,2025-03-19 00:00:00,7166130.900539224
bitcoin,2025-03-20 00:00:00,7495414.341859128
bitcoin,2025-03-21 00:00:00,7275140.94449613
bitcoin,2025-03-22 00:00:00,7224000.906005809
bitcoin,2025-03-23 00:00:00,7205763.671408613
bitcoin,2025-03-24 00:00:00,7377568.408827406
bitcoin,2025-03-25 00:00:00,7471026.999919416
bitcoin,2025-03-26 00:00:00,7490943.665690553
bitcoin,2025-03-27 00:00:00,7448415.462567322
bitcoin,2025-03-28 00:00:00,7474953.075439318
bitcoin,2025-03-29 00:00:00,7216289.858225705
bitcoin,2025-03-30 00:00:00,7072289.607125187
bitcoin,2025-03-31 00:00:00,7044678.366106417
bitcoin,2025-04-01 00:00:00,7049110.1215911815
bitcoin,2025-04-02 00:00:00,7295181.762562074
bitcoin,2025-04-03 00:00:00,7072204.244187081
bitcoin,2025-04-04 00:00:00,7092361.1660758825
bitcoin,2025-04-05 00:00:00,7177434.935222951
bitcoin,2025-04-06 00:00:00,7149914.289024058
bitcoin,2025-04-07 00:00:00,6689389.08502666
bitcoin,2025-04-08 00:00:00,6810911.664670934
bitcoin,2025-04-09 00:00:00,6597493.475585312
bitcoin,2025-04-10 00:00:00,7122745.761241968
bitcoin,2025-04-11 00:00:00,6866025.560636041
bitcoin,2025-04-12 00:00:00,7182775.418149425
bitcoin,2025-04-13 00:00:00,7333947.924555619
bitcoin,2025-04-14 00:00:00,7187425.846627208
bitcoin,2025-04-15 00:00:00,7271599.950976666
bitcoin,2025-04-16 00:00:00,7171572.949306771
bitcoin,2025-04-17 00:00:00,7201187.29755112
bitcoin,2025-04-18 00:00:00,7251703.328254263
bitcoin,2025-04-19 00:00:00,7209254.173849113
bitcoin,2025-04-20 00:00:00,7268417.49030321
bitcoin,2025-04-21 00:00:00,7263849.726468839
bitcoin,2025-04-22 00:00:00,7447341.987486609
bitcoin,2025-04-23 00:00:00,7975735.892697773
bitcoin,2025-04-24 00:00:00,8003280.21321444
bitcoin,2025-04-25 00:00:00,8000169.783417303
bitcoin,2025-04-26 00:00:00,8092178.475391482
bitcoin,2025-04-27 00:00:00,8081159.94608841
bitcoin,2025-04-28 00:00:00,8009924.38113424
bitcoin,2025-04-29 00:00:00,8092853.390805625
bitcoin,2025-04-30 00:00:00,8027696.597798843
bitcoin,2025-05-01 00:00:00,7968688.759781316
bitcoin,2025-05-02 00:00:00,8167058.515487802
bitcoin,2025-05-03 00:00:00,8196935.158997864
bitcoin,2025-05-04 00:00:00,8118000.316161074
bitcoin,2025-05-05 00:00:00,7973099.086450076
bitcoin,2025-05-06 00:00:00,7980688.008703099
bitcoin,2025-05-07 00:00:00,8207545.052481962
bitcoin,2025-05-08 00:00:00,8229539.783984127
bitcoin,2025-05-09 00:00:00,8868161.595114123
bitcoin,2025-05-10 00:00:00,8794022.755272726
bitcoin,2025-05-11 00:00:00,8936515.44901635
bitcoin,2025-05-12 00:00:00,8882429.185761888
bitcoin,2025-05-13 00:00:00,8739740.641206343
bitcoin,2025-05-14 00:00:00,8860925.91388854
bitcoin,2025-05-15 00:00:00,8854656.259617174
bitcoin,2025-05-16 00:00:00,8861418.050018335
bitcoin,2025-05-17 00:00:00,8862661.820151662
bitcoin,2025-05-18 00:00:00,8833249.416670207
bitcoin,2025-05-19 00:00:00,9065676.354329923
bitcoin,2025-05-20 00:00:00,9017978.28123392
bitcoin,2025-05-21 00:00:00,9134061.037906067
bitcoin,2025-05-22 00:00:00,9387459.456660772
bitcoin,2025-05-23 00:00:00,9591418.421810476
bitcoin,2025-05-24 00:00:00,9121570.655984685
bitcoin,2025-05-25 00:00:00,9173866.493436038
bitcoin,2025-05-26 00:00:00,9274975.732278159
bitcoin,2025-05-27 00:00:00,9314436.685236426
bitcoin,2025-05-28 00:00:00,9310175.102671716
bitcoin,2025-05-29 00:00:00,9208280.990679564
bitcoin,2025-05-30 00:00:00,9026592.666677358
bitcoin,2025-05-31 00:00:00,8900073.972215421
bitcoin,2025-06-01 00:00:00,8957968.682594351
bitcoin,2025-06-02 00:00:00,9040802.274014382
bitcoin,2025-06-03 00:00:00,9038740.617012177
bitcoin,2025-06-04 00:00:00,9036688.899610182
bitcoin,2025-06-05 00:00:00,9003749.459208991
bitcoin,2025-06-06 00:00:00,8729536.730077919
bitcoin,2025-06-07 00:00:00,8957197.574287502
bitcoin,2025-06-08 00:00:00,9066295.741750069
bitcoin,2025-06-09 00:00:00,9066867.46885247
bitcoin,2025-06-10 00:00:00,9455619.179043707
bitcoin,2025-06-11 00:00:00,9440056.689266069
bitcoin,2025-06-12 00:00:00,9288882.88186932
bitcoin,2025-06-13 00:00:00,9081227.025134273
bitcoin,2025-06-14 00:00:00,9132702.543985052
bitcoin,2025-06-15 00:00:00,9084246.101299008
bitcoin,2025-06-16 00:00:00,9090411.27477335
bitcoin,2025-06-17 00:00:00,9208980.453923177
bitcoin,2025-06-18 00:00:00,9039952.955659283
bitcoin,2025-06-19 00:00:00,9070436.848135183
bitcoin,2025-06-20 00:00:00,9080584.318377115
bitcoin,2025-06-21 00:00:00,8945088.576284403
bitcoin,2025-06-22 00:00:00,8792883.07729243
bitcoin,2025-06-23 00:00:00,8731873.284684414
bitcoin,2025-06-24 00:00:00,9111429.945371069
bitcoin,2025-06-25 00:00:00,9111165.38661966
bitcoin,2025-06-26 00:00:00,9223086.808659252
bitcoin,2025-06-27 00:00:00,9165684.099752242
bitcoin,2025-06-28 00:00:00,9156217.740562832
bitcoin,2025-06-29 00:00:00,9177823.305095606
bitcoin,2025-06-30 00:00:00,9263092.465181679
bitcoin,2025-07-01 00:00:00,9181709.414667957
bitcoin,2025-07-02 00:00:00,9054321.250569785
bitcoin,2025-07-03 00:00:00,9325640.339018358
bitcoin,2025-07-04 00:00:00,9360532.463404836
bitcoin,2025-07-05 00:00:00,9250500.062624797
bitcoin,2025-07-06 00:00:00,9285248.177863376
bitcoin,2025-07-07 00:00:00,9337523.923073687
bitcoin,2025-07-08 00:00:00,9302203.177316865
bitcoin,2025-07-09 00:00:00,9338122.035800587
bitcoin,2025-07-10 00:00:00,9541743.483380785
bitcoin,2025-07-11 00:00:00,9934947.612549465
bitcoin,2025-07-12 00:00:00,10091339.413757524
bitcoin,2025-07-13 00:00:00,10078287.164944079
bitcoin,2025-07-14 00:00:00,10222853.345055208
bitcoin,2025-07-15 00:00:00,10301939.218478084
bitcoin,2025-07-16 00:00:00,10119542.204331392
bitcoin,2025-07-17 00:00:00,10198739.393321177
bitcoin,2025-07-18 00:00:00,10277885.47839658
bitcoin,2025-07-19 00:00:00,10164069.670952292
bitcoin,2025-07-20 00:00:00,10156547.547410768
bitcoin,2025-07-21 00:00:00,10101549.352407157
bitcoin,2025-07-22 00:00:00,10136533.758092493
bitcoin,2025-07-23 00:00:00,10357349.26643955
bitcoin,2025-07-24 00:00:00,10249425.74900696
bitcoin,2025-07-25 00:00:00,10229427.683390176
bitcoin,2025-07-26 00:00:00,10168020.4311719
bitcoin,2025-07-27 00:00:00,10203795.311577797
bitcoin,2025-07-28 00:00:00,10330494.375551593
bitcoin,2025-07-29 00:00:00,10240072.841855934
bitcoin,2025-07-30 00:00:00,10260715.669243045
bitcoin,2025-07-31 00:00:00,10330510.927890545
bitcoin,2025-08-01 00:00:00,10122552.718401065
bitcoin,2025-08-02 00:00:00,9870309.502282668
bitcoin,2025-08-03 00:00:00,9811174.470132805
bitcoin,2025-08-04 00:00:00,9963363.104407016
bitcoin,2025-08-05 00:00:00,10119947.866363142
bitcoin,2025-08-06 00:00:00,10011721.5506572
bitcoin,2025-08-07 00:00:00,10094655.435390146
bitcoin,2025-08-08 00:00:00,10270107.263258504
bitcoin,2025-08-09 00:00:00,10236807.855788205
bitcoin,2025-08-10 00:00:00,10220759.730383817
bitcoin,2025-08-11 00:00:00,10434491.300112702
bitcoin,2025-08-12 00:00:00,10412275.449238887
bitcoin,2025-08-13 00:00:00,10529495.638104321
bitcoin,2025-08-14 00:00:00,10805439.78369676
bitcoin,2025-08-15 00:00:00,10383230.847886154
bitcoin,2025-08-16 00:00:00,10268856.947554458
bitcoin,2025-08-17 00:00:00,10282983.838569582
bitcoin,2025-08-18 00:00:00,10286533.101169772
bitcoin,2025-08-19 00:00:00,10148644.242275473
bitcoin,2025-08-20 00:00:00,9819786.419050021
bitcoin,2025-08-21 00:00:00,9942066.543754837
bitcoin,2025-08-22 00:00:00,9813063.27750558
bitcoin,2025-08-23 00:00:00,10203164.21582744
bitcoin,2025-08-24 00:00:00,10074416.19618185
bitcoin,2025-08-25 00:00:00,9903221.35080575
bitcoin,2025-08-26 00:00:00,9653212.189243559
bitcoin,2025-08-27 00:00:00,9801777.668906499
bitcoin,2025-08-28 00:00:00,9749130.25886824
bitcoin,2025-08-29 00:00:00,9856302.06893481
bitcoin,2025-08-30 00:00:00,9564432.013993934
bitcoin,2025-08-31 00:00:00,9591794.692119835
bitcoin,2025-09-01 00:00:00,9545191.818462053
bitcoin,2025-09-02 00:00:00,9606486.0790093
bitcoin,2025-09-03 00:00:00,9784574.242949013
bitcoin,2025-09-04 00:00:00,9838796.609221794
bitcoin,2025-09-05 00:00:00,9765163.284050079
bitcoin,2025-09-06 00:00:00,9759026.631183332
bitcoin,2025-09-07 00:00:00,9718962.630296323
bitcoin,2025-09-08 00:00:00,9800346.003033817
bitcoin,2025-09-09 00:00:00,9856054.84901548
bitcoin,2025-09-10 00:00:00,9840553.151484529
bitcoin,2025-09-11 00:00:00,10035954.764445597
bitcoin,2025-09-12 00:00:00,10195205.098488238
bitcoin,2025-09-13 00:00:00,10254357.380846838
bitcoin,2025-09-14 00:00:00,10237593.3071353
bitcoin,2025-09-15 00:00:00,10184894.127284445
bitcoin,2025-09-16 00:00:00,10169238.650025213
bitcoin,2025-09-17 00:00:00,10261685.530263504
bitcoin,2025-09-18 00:00:00,10237752.888404036
bitcoin,2025-09-19 00:00:00,10333070.25718556
bitcoin,2025-09-20 00:00:00,10189201.725638028
bitcoin,2025-09-21 00:00:00,10194461.688819751
bitcoin,2025-09-22 00:00:00,10158260.693491202
bitcoin,2025-09-23 00:00:00,9951646.271657305
bitcoin,2025-09-24 00:00:00,9948492.512889242
bitcoin,2025-09-25 00:00:00,10060469.351465985
bitcoin,2025-09-26 00:00:00,9673068.167457229
bitcoin,2025-09-27 00:00:00,9728251.057537576
bitcoin,2025-09-28 00:00:00,9723915.967631772
bitcoin,2025-09-29 00:00:00,9944472.608696878
bitcoin,2025-09-30 00:00:00,10139763.924082505
bitcoin,2025-10-01 00:00:00,10130020.723922314
bitcoin,2025-10-02 00:00:00,10509252.859358784
bitcoin,2025-10-03 00:00:00,10700725.995237181
bitcoin,2025-10-04 00:00:00,10847910.013598107
bitcoin,2025-10-05 00:00:00,10859533.642673422
bitcoin,2025-10-06 00:00:00,10959365.064936124
bitcoin,2025-10-07 00:00:00,11070472.246732509
bitcoin,2025-10-08 00:00:00,10783920.730192943
bitcoin,2025-10-09 00:00:00,10949945.97908964
bitcoin,2025-10-10 00:00:00,10814774.599012492
bitcoin,2025-10-11 00:00:00,10047260.111235712
bitcoin,2025-10-12 00:00:00,9838358.210748602
bitcoin,2025-10-13 00:00:00,10223942.881584922
bitcoin,2025-10-14 00:00:00,10216224.051870666
bitcoin,2025-10-15 00:00:00,10046351.075825775
bitcoin,2025-10-16 00:00:00,9721344.884648668
bitcoin,2025-10-17 00:00:00,9509774.024195194
bitcoin,2025-10-18 00:00:00,9369768.130232994
bitcoin,2025-10-19 00:00:00,9432476.848616607
bitcoin,2025-10-20 00:00:00,9558930.877185136
bitcoin,2025-10-21 00:00:00,9720308.914971137
bitcoin,2025-10-22 00:00:00,9549158.301143315
bitcoin,2025-10-23 00:00:00,9442499.946295625
bitcoin,2025-10-24 00:00:00,9659976.397607893
bitcoin,2025-10-25 00:00:00,9747832.72977752
bitcoin,2025-10-26 00:00:00,9802501.15016422
bitcoin,2025-10-27 00:00:00,10055171.794296525
bitcoin,2025-10-28 00:00:00,10073474.454011032
bitcoin,2025-10-29 00:00:00,9965129.220872145
bitcoin,2025-10-30 00:00:00,9722166.86543983
bitcoin,2025-10-31 00:00:00,9593893.17104472
bitcoin,2025-11-01 00:00:00,9734748.91964181
bitcoin,2025-11-02 00:00:00,9765788.362963019
bitcoin,2025-11-03 00:00:00,9824421.072227614
bitcoin,2025-11-04 00:00:00,9450928.858755054
bitcoin,2025-11-05 00:00:00,9018317.599498693
bitcoin,2025-11-06 00:00:00,9199126.082980732
bitcoin,2025-11-07 00:00:00,8984607.813501872
bitcoin,2025-11-08 00:00:00,9167651.236387476
bitcoin,2025-11-09 00:00:00,9069592.039128657
bitcoin,2025-11-10 00:00:00,9283589.00601575
bitcoin,2025-11-11 00:00:00,9394913.182233905
bitcoin,2025-11-12 00:00:00,9108594.696793688
bitcoin,2025-11-13 00:00:00,8994239.327086337
bitcoin,2025-11-14 00:00:00,8857694.85444411
bitcoin,2025-11-15 00:00:00,8376936.116014769
bitcoin,2025-11-16 00:00:00,8470582.749251666
bitcoin,2025-11-17 00:00:00,8373085.239387692
bitcoin,2025-11-18 00:00:00,8157780.455111292
bitcoin,2025-11-19 00:00:00,8219844.429070548
bitcoin,2025-11-20 00:00:00,8084502.70583037
bitcoin,2025-11-21 00:00:00,7685198.360480496
bitcoin,2025-11-22 00:00:00,7622398.708162882
bitcoin,2025-11-23 00:00:00,7591078.566298594
bitcoin,2025-11-24 00:00:00,7778520.446850556
bitcoin,2025-11-25 00:00:00,7865475.253834086
bitcoin,2025-11-26 00:00:00,7783791.323601658
bitcoin,2025-11-27 00:00:00,8066930.863801428
bitcoin,2025-11-28 00:00:00,8157156.351483771
bitcoin,2025-11-29 00:00:00,8126220.637986011
bitcoin,2025-11-30 00:00:00,8116488.479072998
bitcoin,2025-12-01 00:00:00,8078246.317717989
bitcoin,2025-12-02 00:00:00,7731939.31508293
bitcoin,2025-12-03 00:00:00,8213485.439946512
bitcoin,2025-12-04 00:00:00,8441734.894689914
bitcoin,2025-12-05 00:00:00,8277612.193785475
bitcoin,2025-12-06 00:00:00,8033337.656068311
bitcoin,2025-12-07 00:00:00,8028324.929700683
bitcoin,2025-12-08 00:00:00,8110183.521497487
bitcoin,2025-12-09 00:00:00,8167418.75650716
bitcoin,2025-12-10 00:00:00,8337407.11660591
bitcoin,2025-12-11 00:00:00,8261440.281355997
bitcoin,2025-12-12 00:00:00,8347818.307928058
bitcoin,2025-12-13 00:00:00,8175319.49414227
bitcoin,2025-12-14 00:00:00,8175924.735194205
bitcoin,2025-12-15 00:00:00,7992348.231966222
bitcoin,2025-12-16 00:00:00,7844409.288926788
bitcoin,2025-12-17 00:00:00,7987315.985984798
bitcoin,2025-12-18 00:00:00,7781471.915537124
bitcoin,2025-12-19 00:00:00,7712879.171308659
bitcoin,2025-12-20 00:00:00,7892110.371399885
bitcoin,2025-12-21 00:00:00,7913974.621357582
bitcoin,2025-12-22 00:00:00,7933999.65474005
bitcoin,2025-12-23 00:00:00,7929162.75966298
bitcoin,2025-12-24 00:00:00,7820620.968822208
bitcoin,2025-12-25 00:00:00,7872946.774052088
bitcoin,2025-12-26 00:00:00,7860175.221034703
bitcoin,2025-12-27 00:00:00,7838865.798860937
bitcoin,2025-12-28 00:00:00,7886342.002067149
bitcoin,2025-12-29 00:00:00,7887770.596681177
bitcoin,2025-12-30 00:00:00,7835388.056690424
bitcoin,2025-12-31 00:00:00,7936951.056508718
bitcoin,2026-01-01 00:00:00,7875103.91153735
bitcoin,2026-01-02 00:00:00,7982611.090931888
bitcoin,2026-01-03 00:00:00,8094664.567193232
bitcoin,2026-01-04 00:00:00,8154755.980058913
bitcoin,2026-01-05 00:00:00,8224912.970329631
bitcoin,2026-01-06 00:00:00,8475311.204337161
bitcoin,2026-01-07 00:00:00,8443838.294347357
bitcoin,2026-01-08 00:00:00,8200790.873528976
bitcoin,2026-01-09 00:00:00,8179932.125614385
bitcoin,2026-01-10 00:00:00,8169727.593041189
bitcoin,2026-01-11 00:00:00,8164051.8328820085
bitcoin,2026-01-12 00:00:00,8196362.9552232
bitcoin,2026-01-13 00:00:00,8214254.506811856
bitcoin,2026-01-14 00:00:00,8600260.479528198
bitcoin,2026-01-15 00:00:00,8754772.557780331
bitcoin,2026-01-16 00:00:00,8637202.771129187
bitcoin,2026-01-17 00:00:00,8665871.041073622
bitcoin,2026-01-18 00:00:00,8641731.269593248
bitcoin,2026-01-19 00:00:00,8504968.615885023
bitcoin,2026-01-20 00:00:00,8414003.970645163
bitcoin,2026-01-21 00:00:00,8046939.8302773405
bitcoin,2026-01-22 00:00:00,8179241.969294843
bitcoin,2026-01-23 00:00:00,8189307.776814618
bitcoin,2026-01-24 00:00:00,8190756.883147298
bitcoin,2026-01-25 00:00:00,8167427.829795334
bitcoin,2026-01-26 00:00:00,7931480.8104405
bitcoin,2026-01-27 00:00:00,8098992.121060789
bitcoin,2026-01-28 00:00:00,8165356.488930265
bitcoin,2026-01-29 00:00:00,8206661.924142179
bitcoin,2026-01-30 00:00:00,7762053.970031044
bitcoin,2026-01-31 00:00:00,7714332.820802952
bitcoin,2026-02-01 00:00:00,7217787.461780625
bitcoin,2026-02-02 00:00:00,7055170.4747747015
bitcoin,2026-02-03 00:00:00,7124353.514366637
bitcoin,2026-02-04 00:00:00,6839512.652076184
bitcoin,2026-02-05 00:00:00,6617843.606631121
bitcoin,2026-02-06 00:00:00,5676634.189757013
bitcoin,2026-02-07 00:00:00,6389223.0613750955
bitcoin,2026-02-08 00:00:00,6278047.808376017
bitcoin,2026-02-09 00:00:00,6388983.809905373
bitcoin,2026-02-10 00:00:00,6363124.007122537
bitcoin,2026-02-10 04:50:52,6324668.992548461
ethereum,2025-02-11 00:00:00,232705.05709732708
ethereum,2025-02-12 00:00:00,225973.10123115187
ethereum,2025-02-13 00:00:00,238005.71716377433
ethereum,2025-02-14 00:00:00,232095.15142141344
ethereum,2025-02-15 00:00:00,236142.63877179415
ethereum,2025-02-16 00:00:00,233280.46311334922
ethereum,2025-02-17 00:00:00,230478.8186546242
ethereum,2025-02-18 00:00:00,238148.0286364504
ethereum,2025-02-19 00:00:00,231945.5699539432
ethereum,2025-02-20 00:00:00,235870.2636982932
ethereum,2025-02-21 00:00:00,237063.79602829125
ethereum,2025-02-22 00:00:00,230344.07171990906
ethereum,2025-02-23 00:00:00,239391.7920926158
ethereum,2025-02-24 00:00:00,244834.16977505904
ethereum,2025-02-25 00:00:00,216983.40981432973
ethereum,2025-02-26 00:00:00,217304.159336794
ethereum,2025-02-27 00:00:00,202765.03870967304
ethereum,2025-02-28 00:00:00,201317.5125202556
ethereum,2025-03-01 00:00:00,195516.66716854277
ethereum,2025-03-02 00:00:00,193559.06747479382
ethereum,2025-03-03 00:00:00,220175.98842114926
ethereum,2025-03-04 00:00:00,187601.93013882774
ethereum,2025-03-05 00:00:00,189391.99179852934
ethereum,2025-03-06 00:00:00,194675.72885365813
ethereum,2025-03-07 00:00:00,191886.11355343607
ethereum,2025-03-08 00:00:00,186564.74028701626
ethereum,2025-03-09 00:00:00,191643.05645176853
ethereum,2025-03-10 00:00:00,175758.37045736366
ethereum,2025-03-11 00:00:00,164149.389538545
ethereum,2025-03-12 00:00:00,167538.8977230319
ethereum,2025-03-13 00:00:00,166533.75651871518
ethereum,2025-03-14 00:00:00,161919.08161409126
ethereum,2025-03-15 00:00:00,166129.37514050907
ethereum,2025-03-16 00:00:00,168649.33224748378
ethereum,2025-03-17 00:00:00,164134.74219204995
ethereum,2025-03-18 00:00:00,167679.9006033522
ethereum,2025-03-19 00:00:00,167319.001543521
ethereum,2025-03-20 00:00:00,177917.82793888426
ethereum,2025-03-21 00:00:00,171006.12473780697
ethereum,2025-03-22 00:00:00,168930.37673281875
ethereum,2025-03-23 00:00:00,170229.9761188356
ethereum,2025-03-24 00:00:00,172085.9718554942
ethereum,2025-03-25 00:00:00,177753.92370784696
ethereum,2025-03-26 00:00:00,177052.68464483944
ethereum,2025-03-27 00:00:00,172151.5682806194
ethereum,2025-03-28 00:00:00,171697.82772804037
ethereum,2025-03-29 00:00:00,162266.37796915465
ethereum,2025-03-30 00:00:00,156474.22180351955
ethereum,2025-03-31 00:00:00,154426.70647452315
ethereum,2025-04-01 00:00:00,155840.4924805317
ethereum,2025-04-02 00:00:00,163227.64895741257
ethereum,2025-04-03 00:00:00,153890.04212059852
ethereum,2025-04-04 00:00:00,155066.27550185894
ethereum,2025-04-05 00:00:00,155313.1292931023
ethereum,2025-04-06 00:00:00,154802.90633012433
ethereum,2025-04-07 00:00:00,134677.50142669896
ethereum,2025-04-08 00:00:00,133837.57278106204
ethereum,2025-04-09 00:00:00,127176.85742857557
ethereum,2025-04-10 00:00:00,143324.73934384843
ethereum,2025-04-11 00:00:00,131454.92128790365
ethereum,2025-04-12 00:00:00,134990.81789744264
ethereum,2025-04-13 00:00:00,141499.98989505236
ethereum,2025-04-14 00:00:00,137163.51905527923
ethereum,2025-04-15 00:00:00,139502.26918137303
ethereum,2025-04-16 00:00:00,136118.34029958773
ethereum,2025-04-17 00:00:00,135084.25007491114
ethereum,2025-04-18 00:00:00,135202.85645156694
ethereum,2025-04-19 00:00:00,135687.4227659859
ethereum,2025-04-20 00:00:00,137898.7403436233
ethereum,2025-04-21 00:00:00,135372.22120159038
ethereum,2025-04-22 00:00:00,134334.00818529903
ethereum,2025-04-23 00:00:00,149984.44480204728
ethereum,2025-04-24 00:00:00,153384.6912264906
ethereum,2025-04-25 00:00:00,150793.82263866183
ethereum,2025-04-26 00:00:00,152736.0854367373
ethereum,2025-04-27 00:00:00,155508.64352977095
ethereum,2025-04-28 00:00:00,153154.64715995087
ethereum,2025-04-29 00:00:00,153246.47199208362
ethereum,2025-04-30 00:00:00,153045.86830616
ethereum,2025-05-01 00:00:00,151706.98921091956
ethereum,2025-05-02 00:00:00,155745.16924065605
ethereum,2025-05-03 00:00:00,155840.93772632716
ethereum,2025-05-04 00:00:00,155254.81405305702
ethereum,2025-05-05 00:00:00,152837.10606631296
ethereum,2025-05-06 00:00:00,153282.69389658255
ethereum,2025-05-07 00:00:00,153903.86052217713
ethereum,2025-05-08 00:00:00,153546.46543390723
ethereum,2025-05-09 00:00:00,189067.0538600533
ethereum,2025-05-10 00:00:00,199979.47617304884
ethereum,2025-05-11 00:00:00,220672.16056835878
ethereum,2025-05-12 00:00:00,214170.10011952536
ethereum,2025-05-13 00:00:00,211740.19586880849
ethereum,2025-05-14 00:00:00,227649.06017478785
ethereum,2025-05-15 00:00:00,222550.86125964453
ethereum,2025-05-16 00:00:00,217226.91460543944
ethereum,2025-05-17 00:00:00,217756.90685748137
ethereum,2025-05-18 00:00:00,211823.19396124792
ethereum,2025-05-19 00:00:00,210787.9756927576
ethereum,2025-05-20 00:00:00,215738.55684027018
ethereum,2025-05-21 00:00:00,215915.19935485243
ethereum,2025-05-22 00:00:00,219047.5756337483
ethereum,2025-05-23 00:00:00,228450.3696380665
ethereum,2025-05-24 00:00:00,214375.8056090152
ethereum,2025-05-25 00:00:00,215195.01779836757
ethereum,2025-05-26 00:00:00,216970.8522801864
ethereum,2025-05-27 00:00:00,218190.67523487698
ethereum,2025-05-28 00:00:00,227238.5848495167
ethereum,2025-05-29 00:00:00,228525.93909568293
ethereum,2025-05-30 00:00:00,224768.84403505738
ethereum,2025-05-31 00:00:00,216016.02336935312
ethereum,2025-06-01 00:00:00,216690.8648491384
ethereum,2025-06-02 00:00:00,217089.5740742275
ethereum,2025-06-03 00:00:00,222777.49872829148
ethereum,2025-06-04 00:00:00,222455.17860950096
ethereum,2025-06-05 00:00:00,224236.44416331983
ethereum,2025-06-06 00:00:00,207961.65418872624
ethereum,2025-06-07 00:00:00,212876.9182145838
ethereum,2025-06-08 00:00:00,216727.81140618862
ethereum,2025-06-09 00:00:00,215217.42336418747
ethereum,2025-06-10 00:00:00,230255.54711844953
ethereum,2025-06-11 00:00:00,240556.86572695823
ethereum,2025-06-12 00:00:00,237276.58179525606
ethereum,2025-06-13 00:00:00,227345.61024210224
ethereum,2025-06-14 00:00:00,221936.8494721614
ethereum,2025-06-15 00:00:00,218235.52611319744
ethereum,2025-06-16 00:00:00,219421.86983518038
ethereum,2025-06-17 00:00:00,220541.89744913176
ethereum,2025-06-18 00:00:00,217182.0562912451
ethereum,2025-06-19 00:00:00,218382.42014738446
ethereum,2025-06-20 00:00:00,218767.0130883784
ethereum,2025-06-21 00:00:00,208337.07852694736
ethereum,2025-06-22 00:00:00,196636.0383307714
ethereum,2025-06-23 00:00:00,192852.03096719063
ethereum,2025-06-24 00:00:00,209315.24780590468
ethereum,2025-06-25 00:00:00,210338.28060317386
ethereum,2025-06-26 00:00:00,207894.42363255343
ethereum,2025-06-27 00:00:00,206903.99097231845
ethereum,2025-06-28 00:00:00,207191.0496905718
ethereum,2025-06-29 00:00:00,208396.95938860573
ethereum,2025-06-30 00:00:00,213866.80820581852
ethereum,2025-07-01 00:00:00,213247.902753943
ethereum,2025-07-02 00:00:00,206191.53795072352
ethereum,2025-07-03 00:00:00,220583.0677146267
ethereum,2025-07-04 00:00:00,221209.20718607036
ethereum,2025-07-05 00:00:00,214841.71925105614
ethereum,2025-07-06 00:00:00,215995.5389160479
ethereum,2025-07-07 00:00:00,219842.28509645213
ethereum,2025-07-08 00:00:00,218478.50703220506
ethereum,2025-07-09 00:00:00,224192.01293457407
ethereum,2025-07-10 00:00:00,237634.3285912139
ethereum,2025-07-11 00:00:00,252785.18261104374
ethereum,2025-07-12 00:00:00,253963.71411998925
ethereum,2025-07-13 00:00:00,252599.85968309751
ethereum,2025-07-14 00:00:00,255256.0749124428
ethereum,2025-07-15 00:00:00,258953.02296009834
ethereum,2025-07-16 00:00:00,269423.17285168904
ethereum,2025-07-17 00:00:00,289273.06195820443
ethereum,2025-07-18 00:00:00,299604.7001320289
ethereum,2025-07-19 00:00:00,305580.9799247014
ethereum,2025-07-20 00:00:00,309629.88231970003
ethereum,2025-07-21 00:00:00,323799.5635112756
ethereum,2025-07-22 00:00:00,324888.02667051577
ethereum,2025-07-23 00:00:00,323522.2855073287
ethereum,2025-07-24 00:00:00,313632.80993368995
ethereum,2025-07-25 00:00:00,320521.28663827025
ethereum,2025-07-26 00:00:00,322067.53188592376
ethereum,2025-07-27 00:00:00,323729.6744159729
ethereum,2025-07-28 00:00:00,334271.3356334813
ethereum,2025-07-29 00:00:00,328567.3072022601
ethereum,2025-07-30 00:00:00,329848.44489638496
ethereum,2025-07-31 00:00:00,333798.49786685634
ethereum,2025-08-01 00:00:00,323419.73918441863
ethereum,2025-08-02 00:00:00,303617.9116663577
ethereum,2025-08-03 00:00:00,296151.6805356246
ethereum,2025-08-04 00:00:00,305147.6597239278
ethereum,2025-08-05 00:00:00,326586.85608261486
ethereum,2025-08-06 00:00:00,316895.55183794844
ethereum,2025-08-07 00:00:00,323322.0010279766
ethereum,2025-08-08 00:00:00,341975.0422938313
ethereum,2025-08-09 00:00:00,352049.4403810017
ethereum,2025-08-10 00:00:00,374193.3376648639
ethereum,2025-08-11 00:00:00,372140.5970629246
ethereum,2025-08-12 00:00:00,370718.8174494866
ethereum,2025-08-13 00:00:00,403547.06190802733
ethereum,2025-08-14 00:00:00,416582.6051270567
ethereum,2025-08-15 00:00:00,399375.2127189976
ethereum,2025-08-16 00:00:00,387732.95356370165
ethereum,2025-08-17 00:00:00,387408.6664674909
ethereum,2025-08-18 00:00:00,392681.4189909559
ethereum,2025-08-19 00:00:00,376878.0982824829
ethereum,2025-08-20 00:00:00,354772.70430919825
ethereum,2025-08-21 00:00:00,376832.66666282027
ethereum,2025-08-22 00:00:00,368766.6639472321
ethereum,2025-08-23 00:00:00,421737.4738716338
ethereum,2025-08-24 00:00:00,416904.49092835333
ethereum,2025-08-25 00:00:00,417273.9071184703
ethereum,2025-08-26 00:00:00,383869.2304155191
ethereum,2025-08-27 00:00:00,403346.84673449927
ethereum,2025-08-28 00:00:00,394479.82107990474
ethereum,2025-08-29 00:00:00,394824.62858350464
ethereum,2025-08-30 00:00:00,384794.36172029114
ethereum,2025-08-31 00:00:00,385618.86285304534
ethereum,2025-09-01 00:00:00,386992.0744205619
ethereum,2025-09-02 00:00:00,378688.487081064
ethereum,2025-09-03 00:00:00,380669.0608269572
ethereum,2025-09-04 00:00:00,391914.25736500154
ethereum,2025-09-05 00:00:00,379062.50711160863
ethereum,2025-09-06 00:00:00,379789.69451721257
ethereum,2025-09-07 00:00:00,376830.61714539555
ethereum,2025-09-08 00:00:00,379557.7315665512
ethereum,2025-09-09 00:00:00,379169.3803941581
ethereum,2025-09-10 00:00:00,380163.9598970403
ethereum,2025-09-11 00:00:00,382811.6356012148
ethereum,2025-09-12 00:00:00,393614.0739117057
ethereum,2025-09-13 00:00:00,415686.0060768963
ethereum,2025-09-14 00:00:00,412052.856085073
ethereum,2025-09-15 00:00:00,406940.596240047
ethereum,2025-09-16 00:00:00,398693.42995223537
ethereum,2025-09-17 00:00:00,395856.797622927
ethereum,2025-09-18 00:00:00,403666.7568900215
ethereum,2025-09-19 00:00:00,404926.98327490315
ethereum,2025-09-20 00:00:00,393846.3358485685
ethereum,2025-09-21 00:00:00,394843.6203459821
ethereum,2025-09-22 00:00:00,392295.47524281475
ethereum,2025-09-23 00:00:00,370875.27142150694
ethereum,2025-09-24 00:00:00,369992.0919011612
ethereum,2025-09-25 00:00:00,368312.96560615575
ethereum,2025-09-26 00:00:00,342937.4440185811
ethereum,2025-09-27 00:00:00,357978.55612770614
ethereum,2025-09-28 00:00:00,356321.1005771281
ethereum,2025-09-29 00:00:00,367286.12298418215
ethereum,2025-09-30 00:00:00,373944.85329388455
ethereum,2025-10-01 00:00:00,368177.3713848715
ethereum,2025-10-02 00:00:00,385235.77973544877
ethereum,2025-10-03 00:00:00,397823.05193989933
ethereum,2025-10-04 00:00:00,400707.46142882656
ethereum,2025-10-05 00:00:00,398218.8935895547
ethereum,2025-10-06 00:00:00,400668.6421398132
ethereum,2025-10-07 00:00:00,416041.06085392536
ethereum,2025-10-08 00:00:00,395289.8026309068
ethereum,2025-10-09 00:00:00,401911.0484708849
ethereum,2025-10-10 00:00:00,388222.87205311254
ethereum,2025-10-11 00:00:00,340432.9353676543
ethereum,2025-10-12 00:00:00,332747.98798714374
ethereum,2025-10-13 00:00:00,369207.3362657844
ethereum,2025-10-14 00:00:00,376492.3574048653
ethereum,2025-10-15 00:00:00,366574.05838423775
ethereum,2025-10-16 00:00:00,349761.3884710538
ethereum,2025-10-17 00:00:00,342302.33220614656
ethereum,2025-10-18 00:00:00,337247.7588866496
ethereum,2025-10-19 00:00:00,342375.6803081046
ethereum,2025-10-20 00:00:00,350696.6804336402
ethereum,2025-10-21 00:00:00,349657.073530753
ethereum,2025-10-22 00:00:00,341303.9842640361
ethereum,2025-10-23 00:00:00,333571.21535914514
ethereum,2025-10-24 00:00:00,338462.9290819708
ethereum,2025-10-25 00:00:00,345416.6546043208
ethereum,2025-10-26 00:00:00,347083.5922685809
ethereum,2025-10-27 00:00:00,365539.5621120337
ethereum,2025-10-28 00:00:00,363758.94232227415
ethereum,2025-10-29 00:00:00,351342.5325721324
ethereum,2025-10-30 00:00:00,344315.5289450759
ethereum,2025-10-31 00:00:00,337015.4990615576
ethereum,2025-11-01 00:00:00,341801.10296794504
ethereum,2025-11-02 00:00:00,343730.3913686987
ethereum,2025-11-03 00:00:00,347169.85800323385
ethereum,2025-11-04 00:00:00,319468.25832003524
ethereum,2025-11-05 00:00:00,292527.2014230804
ethereum,2025-11-06 00:00:00,303546.1807953054
ethereum,2025-11-07 00:00:00,293412.52766766545
ethereum,2025-11-08 00:00:00,304507.99491275364
ethereum,2025-11-09 00:00:00,301591.6290594234
ethereum,2025-11-10 00:00:00,317071.7291616941
ethereum,2025-11-11 00:00:00,316207.1597353334
ethereum,2025-11-12 00:00:00,302271.19106009
ethereum,2025-11-13 00:00:00,302072.2252489844
ethereum,2025-11-14 00:00:00,287385.51825001417
ethereum,2025-11-15 00:00:00,275511.26516527805
ethereum,2025-11-16 00:00:00,281155.6844835739
ethereum,2025-11-17 00:00:00,275080.20597856207
ethereum,2025-11-18 00:00:00,267796.5731112152
ethereum,2025-11-19 00:00:00,276052.04898099863
ethereum,2025-11-20 00:00:00,267032.830083096
ethereum,2025-11-21 00:00:00,251183.08126814634
ethereum,2025-11-22 00:00:00,247777.39778764817
ethereum,2025-11-23 00:00:00,248183.09115512334
ethereum,2025-11-24 00:00:00,250950.12836319354
ethereum,2025-11-25 00:00:00,263283.40358322934
ethereum,2025-11-26 00:00:00,263444.9399900479
ethereum,2025-11-27 00:00:00,269938.1970950932
ethereum,2025-11-28 00:00:00,269490.2527975858
ethereum,2025-11-29 00:00:00,271004.1486761167
ethereum,2025-11-30 00:00:00,267260.2384447111
ethereum,2025-12-01 00:00:00,267424.4592587914
ethereum,2025-12-02 00:00:00,250829.94408877468
ethereum,2025-12-03 00:00:00,269370.30418167287
ethereum,2025-12-04 00:00:00,288132.42535713845
ethereum,2025-12-05 00:00:00,281520.95159888716
ethereum,2025-12-06 00:00:00,271893.52182715805
ethereum,2025-12-07 00:00:00,273416.13820120675
ethereum,2025-12-08 00:00:00,274616.2375638853
ethereum,2025-12-09 00:00:00,281685.69218486216
ethereum,2025-12-10 00:00:00,298746.9630305986
ethereum,2025-12-11 00:00:00,298675.7147486205
ethereum,2025-12-12 00:00:00,292065.55714175856
ethereum,2025-12-13 00:00:00,279306.9974351619
ethereum,2025-12-14 00:00:00,282191.1596649078
ethereum,2025-12-15 00:00:00,277686.2575249929
ethereum,2025-12-16 00:00:00,269107.8224748998
ethereum,2025-12-17 00:00:00,269596.8374095658
ethereum,2025-12-18 00:00:00,255672.94816147196
ethereum,2025-12-19 00:00:00,255132.82641488407
ethereum,2025-12-20 00:00:00,266653.5750632806
ethereum,2025-12-21 00:00:00,266686.3060581252
ethereum,2025-12-22 00:00:00,268857.45721078233
ethereum,2025-12-23 00:00:00,269330.66898642445
ethereum,2025-12-24 00:00:00,265308.33057719615
ethereum,2025-12-25 00:00:00,264638.4624631536
ethereum,2025-12-26 00:00:00,261698.83888170918
ethereum,2025-12-27 00:00:00,262776.73658441985
ethereum,2025-12-28 00:00:00,264850.5744899021
ethereum,2025-12-29 00:00:00,264760.5504658988
ethereum,2025-12-30 00:00:00,263786.42273046816
ethereum,2025-12-31 00:00:00,266620.8671552428
ethereum,2026-01-01 00:00:00,266951.6312463789
ethereum,2026-01-02 00:00:00,269940.3569195695
ethereum,2026-01-03 00:00:00,281016.1719855551
ethereum,2026-01-04 00:00:00,281388.8695194364
ethereum,2026-01-05 00:00:00,282560.6030133936
ethereum,2026-01-06 00:00:00,291299.3568651643
ethereum,2026-01-07 00:00:00,297045.36579862604
ethereum,2026-01-08 00:00:00,284403.12191626645
ethereum,2026-01-09 00:00:00,279086.945835317
ethereum,2026-01-10 00:00:00,278309.6101406161
ethereum,2026-01-11 00:00:00,278294.1933407241
ethereum,2026-01-12 00:00:00,281519.50124331604
ethereum,2026-01-13 00:00:00,278535.9889192714
ethereum,2026-01-14 00:00:00,299728.9177688779
ethereum,2026-01-15 00:00:00,302917.5844429012
ethereum,2026-01-16 00:00:00,299838.3615803796
ethereum,2026-01-17 00:00:00,299041.3190188698
ethereum,2026-01-18 00:00:00,300496.6677650833
ethereum,2026-01-19 00:00:00,297943.7602436932
ethereum,2026-01-20 00:00:00,289592.03165583033
ethereum,2026-01-21 00:00:00,267489.81096221146
ethereum,2026-01-22 00:00:00,272419.05713641306
ethereum,2026-01-23 00:00:00,269940.0485702116
ethereum,2026-01-24 00:00:00,270322.79786255566
ethereum,2026-01-25 00:00:00,270125.836049164
ethereum,2026-01-26 00:00:00,257898.21011062048
ethereum,2026-01-27 00:00:00,268521.1124032741
ethereum,2026-01-28 00:00:00,276537.237355733
ethereum,2026-01-29 00:00:00,276752.68161058764
ethereum,2026-01-30 00:00:00,258717.1664228855
ethereum,2026-01-31 00:00:00,247763.65614624374
ethereum,2026-02-01 00:00:00,224065.64499097393
ethereum,2026-02-02 00:00:00,208098.68569226892
ethereum,2026-02-03 00:00:00,212055.7416695305
ethereum,2026-02-04 00:00:00,201371.05394647823
ethereum,2026-02-05 00:00:00,194638.91147198106
ethereum,2026-02-06 00:00:00,164424.8093049238
ethereum,2026-02-07 00:00:00,186695.3649137571
ethereum,2026-02-08 00:00:00,189440.9269478321
ethereum,2026-02-09 00:00:00,189754.81871261535
ethereum,2026-02-10 00:00:00,191035.83888725925
ethereum,2026-02-10 04:50:52,187442.85043758017
