Date,Price
4/20/2020,"-3,355.49"
4/21/2020,808.48
4/27/2020,"1,104.28"
4/28/2020,"1,125.15"
4/22/2020,"1,237.67"
3/30/2020,"1,279.41"
4/29/2020,"1,364.70"
4/23/2020,"1,366.51"
3/27/2020,"1,404.62"
4/24/2020,"1,450.90"
3/26/2020,"1,506.25"
4/17/2020,"1,661.41"
4/30/2020,"1,744.89"
3/20/2020,"1,767.58"
5/1/2020,"1,789.35"
4/16/2020,"1,798.43"
4/15/2020,"1,811.13"
4/14/2020,"1,828.37"
4/1/2020,"1,840.17"
5/4/2020,"1,857.41"
3/18/2020,"1,858.31"
3/31/2020,"1,861.04"
3/25/2020,"1,882.81"
3/24/2020,"1,908.22"
4/13/2020,"2,028.90"
4/9/2020,"2,077.90"
3/23/2020,"2,116.92"
4/7/2020,"2,135.97"
5/7/2020,"2,148.68"
5/6/2020,"2,166.82"
5/11/2020,"2,179.53"
5/5/2020,"2,228.53"
5/8/2020,"2,243.95"
4/8/2020,"2,265.73"
3/19/2020,"2,276.62"
4/2/2020,"2,284.78"
5/13/2020,"2,302.02"
5/12/2020,"2,337.41"
4/6/2020,"2,378.24"
3/17/2020,"2,446.30"
5/14/2020,"2,486.22"
4/3/2020,"2,573.33"
3/16/2020,"2,627.77"
5/15/2020,"2,671.33"
3/9/2020,"2,817.41"
3/12/2020,"2,863.69"
3/13/2020,"2,878.21"
5/18/2020,"2,888.19"
5/19/2020,"2,930.84"
5/27/2020,"2,976.21"
3/11/2020,"3,006.15"
5/22/2020,"3,038.82"
5/20/2020,"3,045.17"
5/28/2020,"3,055.15"
5/21/2020,"3,112.31"
3/10/2020,"3,127.74"
5/26/2020,"3,148.61"
6/1/2020,"3,220.29"
5/29/2020,"3,227.55"
10/30/2020,"3,233.90"
10/29/2020,"3,261.12"
6/12/2020,"3,288.34"
6/11/2020,"3,305.59"
11/2/2020,"3,321.01"
9/8/2020,"3,345.51"
6/2/2020,"3,346.42"
10/2/2020,"3,348.23"
11/6/2020,"3,354.58"
6/15/2020,"3,363.66"
9/14/2020,"3,378.18"
9/10/2020,"3,379.99"
10/28/2020,"3,381.81"
6/3/2020,"3,387.25"
9/11/2020,"3,387.25"
6/4/2020,"3,395.42"
11/3/2020,"3,397.23"
6/17/2020,"3,439.88"
6/24/2020,"3,439.88"
9/9/2020,"3,452.58"
6/8/2020,"3,463.47"
6/16/2020,"3,471.64"
9/15/2020,"3,474.36"
10/26/2020,"3,483.43"
10/1/2020,"3,494.32"
6/26/2020,"3,496.13"
11/5/2020,"3,498.86"
6/25/2020,"3,507.93"
6/18/2020,"3,519.73"
11/4/2020,"3,536.06"
6/9/2020,"3,536.97"
9/29/2020,"3,541.50"
10/5/2020,"3,549.67"
10/12/2020,"3,558.74"
9/21/2020,"3,562.37"
6/30/2020,"3,563.28"
10/27/2020,"3,569.63"
6/5/2020,"3,583.24"
6/10/2020,"3,587.78"
9/22/2020,"3,588.69"
7/9/2020,"3,596.85"
6/29/2020,"3,599.58"
9/4/2020,"3,601.39"
6/19/2020,"3,604.11"
10/23/2020,"3,605.02"
10/7/2020,"3,613.19"
7/30/2020,"3,615.91"
7/1/2020,"3,618.63"
10/21/2020,"3,618.63"
9/23/2020,"3,622.26"
11/13/2020,"3,623.17"
10/13/2020,"3,632.24"
9/30/2020,"3,634.06"
11/9/2020,"3,634.06"
7/13/2020,"3,634.96"
9/25/2020,"3,634.96"
7/31/2020,"3,638.59"
9/24/2020,"3,639.50"
9/16/2020,"3,644.95"
7/14/2020,"3,656.74"
6/23/2020,"3,665.81"
10/9/2020,"3,669.44"
10/22/2020,"3,671.26"
9/28/2020,"3,672.17"
7/6/2020,"3,675.80"
10/6/2020,"3,676.70"
7/17/2020,"3,679.43"
7/10/2020,"3,680.33"
7/2/2020,"3,681.24"
7/7/2020,"3,683.06"
6/22/2020,"3,683.96"
10/19/2020,"3,692.13"
10/16/2020,"3,693.04"
7/16/2020,"3,696.67"
7/20/2020,"3,704.83"
8/3/2020,"3,704.83"
10/15/2020,"3,705.74"
10/14/2020,"3,707.55"
7/28/2020,"3,710.28"
11/12/2020,"3,711.18"
7/8/2020,"3,712.09"
7/23/2020,"3,719.35"
9/17/2020,"3,719.35"
10/8/2020,"3,723.89"
9/18/2020,"3,728.42"
7/29/2020,"3,732.05"
3/6/2020,"3,732.96"
11/16/2020,"3,732.96"
8/7/2020,"3,734.78"
11/10/2020,"3,736.59"
7/15/2020,"3,738.41"
7/24/2020,"3,741.13"
11/11/2020,"3,741.13"
11/17/2020,"3,742.03"
10/20/2020,"3,753.83"
9/3/2020,"3,755.65"
7/27/2020,"3,762.00"
8/11/2020,"3,768.35"
11/19/2020,"3,771.98"
11/18/2020,"3,778.33"
8/4/2020,"3,781.05"
7/21/2020,"3,789.22"
7/22/2020,"3,800.11"
8/6/2020,"3,804.64"
8/10/2020,"3,805.55"
11/20/2020,"3,810.09"
8/14/2020,"3,815.53"
8/5/2020,"3,833.68"
8/13/2020,"3,834.59"
8/21/2020,"3,840.03"
8/24/2020,"3,850.92"
8/12/2020,"3,865.44"
8/31/2020,"3,866.35"
8/20/2020,"3,867.25"
9/1/2020,"3,879.96"
9/2/2020,"3,879.96"
8/27/2020,"3,890.85"
8/17/2020,"3,891.75"
8/18/2020,"3,891.75"
8/19/2020,"3,893.57"
11/23/2020,"3,893.57"
8/28/2020,"3,898.10"
8/25/2020,"3,917.16"
8/26/2020,"3,920.79"
12/1/2020,"4,041.47"
11/24/2020,"4,056.90"
2/28/2020,"4,067.78"
11/30/2020,"4,101.36"
12/2/2020,"4,104.08"
12/9/2020,"4,126.76"
11/25/2020,"4,135.84"
12/8/2020,"4,141.28"
12/3/2020,"4,142.19"
12/7/2020,"4,148.54"
3/5/2020,"4,164.87"
12/4/2020,"4,194.82"
12/11/2020,"4,227.48"
12/10/2020,"4,242.91"
3/2/2020,"4,244.72"
3/4/2020,"4,244.72"
12/14/2020,"4,266.50"
12/22/2020,"4,266.50"
2/27/2020,"4,280.11"
3/3/2020,"4,289.19"
1/4/2021,"4,307.33"
12/28/2020,"4,310.05"
12/15/2020,"4,317.31"
12/21/2020,"4,336.37"
12/29/2020,"4,341.81"
12/16/2020,"4,342.72"
12/23/2020,"4,349.98"
12/24/2020,"4,371.76"
12/30/2020,"4,377.20"
12/17/2020,"4,386.27"
12/31/2020,"4,387.18"
2/26/2020,"4,416.22"
12/18/2020,"4,449.79"
2/4/2020,"4,499.70"
2/10/2020,"4,499.70"
2/25/2020,"4,516.94"
1/5/2021,"4,516.94"
2/11/2020,"4,536.90"
2/3/2020,"4,542.34"
2/7/2020,"4,567.75"
1/6/2021,"4,577.73"
1/7/2021,"4,594.06"
2/5/2020,"4,615.84"
2/6/2020,"4,622.19"
2/12/2020,"4,639.43"
2/24/2020,"4,660.30"
2/13/2020,"4,664.84"
1/31/2020,"4,680.27"
2/14/2020,"4,721.10"
2/18/2020,"4,727.45"
1/8/2021,"4,731.08"
1/11/2021,"4,731.99"
1/29/2021,"4,732.89"
1/30/2020,"4,735.62"
1/15/2021,"4,741.06"
1/28/2021,"4,741.97"
1/22/2021,"4,743.78"
1/26/2021,"4,773.73"
1/25/2021,"4,789.15"
1/13/2021,"4,791.87"
1/27/2021,"4,791.87"
1/19/2021,"4,797.32"
1/21/2021,"4,809.11"
1/12/2021,"4,816.37"
1/27/2020,"4,817.28"
1/20/2021,"4,823.63"
1/29/2020,"4,835.43"
2/19/2020,"4,837.24"
1/28/2020,"4,839.06"
2/21/2020,"4,841.78"
1/14/2021,"4,851.76"
2/1/2021,"4,859.02"
2/20/2020,"4,878.98"
1/24/2020,"4,908.02"
2/2/2021,"4,969.72"
12/16/2025,"5,030.51"
1/23/2020,"5,036.87"
2/3/2021,"5,051.38"
1/7/2026,"5,082.24"
12/17/2025,"5,087.68"
2/4/2021,"5,098.57"
12/18/2025,"5,101.29"
12/26/2025,"5,135.77"
1/22/2020,"5,150.29"
2/5/2021,"5,153.92"
12/19/2025,"5,153.92"
12/15/2025,"5,169.34"
1/6/2026,"5,169.34"
1/2/2026,"5,191.12"
12/31/2025,"5,195.66"
12/12/2025,"5,227.42"
1/8/2026,"5,239.21"
3/23/2021,"5,240.12"
12/11/2025,"5,241.03"
12/30/2025,"5,243.75"
1/15/2020,"5,250.10"
12/29/2025,"5,252.82"
2/8/2021,"5,258.27"
1/5/2026,"5,271.88"
1/13/2020,"5,278.23"
12/22/2025,"5,279.14"
2/11/2021,"5,282.77"
1/21/2020,"5,285.49"
11/25/2025,"5,285.49"
10/16/2025,"5,289.12"
10/17/2025,"5,290.03"
1/14/2020,"5,293.65"
2/9/2021,"5,293.65"
10/20/2025,"5,293.65"
12/9/2025,"5,299.10"
3/25/2021,"5,305.45"
5/5/2025,"5,308.17"
1/16/2020,"5,309.99"
1/17/2020,"5,312.71"
12/23/2025,"5,312.71"
11/28/2025,"5,315.43"
10/21/2025,"5,322.69"
12/10/2025,"5,323.60"
2/10/2021,"5,325.41"
12/24/2025,"5,328.14"
4/5/2021,"5,329.04"
11/26/2025,"5,336.30"
12/2/2025,"5,336.30"
11/21/2025,"5,340.84"
1/9/2026,"5,349.91"
1/10/2020,"5,355.36"
12/8/2025,"5,357.17"
10/15/2025,"5,360.80"
12/3/2025,"5,361.71"
11/24/2025,"5,363.52"
2/19/2021,"5,364.43"
1/15/2026,"5,365.34"
3/31/2021,"5,370.78"
1/22/2026,"5,375.32"
4/9/2021,"5,379.86"
10/22/2025,"5,380.76"
11/12/2025,"5,380.76"
4/6/2021,"5,384.39"
1/12/2026,"5,388.93"
1/16/2026,"5,389.84"
5/7/2025,"5,391.65"
12/1/2025,"5,396.19"
2/12/2021,"5,398.91"
10/14/2025,"5,400.73"
11/13/2025,"5,402.54"
4/30/2025,"5,403.45"
1/9/2020,"5,404.35"
4/8/2021,"5,408.89"
1/8/2020,"5,412.52"
5/2/2025,"5,414.34"
3/2/2021,"5,417.06"
4/12/2021,"5,417.06"
10/10/2025,"5,421.60"
4/7/2021,"5,423.41"
12/4/2025,"5,427.95"
3/18/2021,"5,439.74"
4/8/2025,"5,447.91"
2/16/2021,"5,450.63"
11/20/2025,"5,450.63"
4/13/2021,"5,462.43"
12/5/2025,"5,465.15"
11/6/2025,"5,466.06"
11/19/2025,"5,468.78"
1/20/2026,"5,471.50"
1/21/2026,"5,478.76"
2/18/2021,"5,480.57"
11/5/2025,"5,480.57"
5/6/2025,"5,482.39"
1/26/2026,"5,486.02"
3/1/2021,"5,493.28"
11/7/2025,"5,493.28"
3/30/2021,"5,494.19"
4/10/2025,"5,496.00"
5/1/2025,"5,497.82"
11/17/2025,"5,504.17"
1/23/2026,"5,507.80"
1/13/2026,"5,521.41"
11/14/2025,"5,523.22"
3/26/2021,"5,528.67"
11/10/2025,"5,529.57"
10/28/2025,"5,532.30"
4/7/2025,"5,539.55"
2/17/2021,"5,543.18"
3/24/2021,"5,545.91"
1/2/2020,"5,550.44"
5/8/2025,"5,557.70"
10/29/2025,"5,558.61"
10/2/2025,"5,560.42"
3/3/2021,"5,564.96"
4/21/2021,"5,565.87"
10/30/2025,"5,567.68"
11/4/2025,"5,569.50"
4/1/2021,"5,572.22"
3/19/2021,"5,574.04"
4/22/2021,"5,575.85"
5/30/2025,"5,576.76"
3/22/2021,"5,578.57"
3/29/2021,"5,579.48"
11/18/2025,"5,581.29"
2/26/2021,"5,584.92"
5/27/2025,"5,590.37"
10/3/2025,"5,594.00"
2/23/2021,"5,594.90"
5/29/2025,"5,594.90"
2/22/2021,"5,595.81"
4/15/2025,"5,602.16"
10/31/2025,"5,603.07"
11/3/2025,"5,606.70"
4/29/2025,"5,611.24"
1/14/2026,"5,611.24"
4/11/2025,"5,617.59"
5/20/2021,"5,621.22"
4/14/2025,"5,624.85"
4/26/2021,"5,627.57"
1/27/2026,"5,629.39"
10/27/2025,"5,637.55"
4/23/2021,"5,642.09"
9/5/2025,"5,645.72"
8/20/2021,"5,648.44"
10/24/2025,"5,650.25"
10/9/2025,"5,658.42"
5/9/2025,"5,659.33"
4/4/2025,"5,663.87"
10/23/2025,"5,665.68"
10/6/2025,"5,670.22"
10/7/2025,"5,672.94"
5/28/2025,"5,674.75"
5/22/2025,"5,675.66"
10/1/2025,"5,679.29"
9/8/2025,"5,680.20"
4/20/2021,"5,681.11"
4/9/2025,"5,682.92"
4/23/2025,"5,683.83"
1/7/2020,"5,689.27"
9/11/2025,"5,690.18"
1/28/2026,"5,693.81"
4/16/2025,"5,705.61"
5/23/2025,"5,706.51"
5/21/2025,"5,710.14"
9/9/2025,"5,713.77"
9/22/2025,"5,715.59"
1/3/2020,"5,716.49"
9/12/2025,"5,718.31"
9/19/2025,"5,718.31"
4/27/2021,"5,719.22"
5/15/2025,"5,719.22"
4/14/2021,"5,730.10"
4/16/2021,"5,731.01"
9/30/2025,"5,731.92"
2/24/2021,"5,735.55"
1/6/2020,"5,740.99"
6/2/2025,"5,740.99"
5/19/2021,"5,741.90"
4/28/2025,"5,743.72"
5/12/2025,"5,745.53"
4/19/2021,"5,746.44"
10/8/2025,"5,750.07"
8/19/2025,"5,750.97"
4/15/2021,"5,754.60"
2/25/2021,"5,755.51"
4/21/2025,"5,760.05"
4/30/2021,"5,761.86"
4/24/2025,"5,766.40"
6/4/2025,"5,768.21"
8/26/2025,"5,770.94"
5/21/2021,"5,771.84"
9/15/2025,"5,776.38"
8/13/2025,"5,778.20"
8/19/2021,"5,779.10"
9/23/2025,"5,785.45"
8/15/2025,"5,787.27"
3/4/2021,"5,789.99"
4/28/2021,"5,789.99"
9/4/2025,"5,789.99"
5/13/2021,"5,790.90"
5/16/2025,"5,792.71"
4/25/2025,"5,793.62"
9/18/2025,"5,799.07"
5/20/2025,"5,804.51"
5/19/2025,"5,805.42"
9/10/2025,"5,808.14"
3/9/2021,"5,809.05"
6/5/2025,"5,812.68"
8/22/2025,"5,814.49"
6/3/2025,"5,816.31"
8/20/2025,"5,824.47"
8/12/2025,"5,827.19"
9/29/2025,"5,831.73"
8/29/2025,"5,839.90"
9/3/2025,"5,839.90"
9/17/2025,"5,844.43"
3/10/2021,"5,848.06"
5/3/2021,"5,848.97"
5/14/2025,"5,850.79"
8/27/2025,"5,851.69"
1/30/2026,"5,852.60"
8/18/2025,"5,853.51"
3/17/2021,"5,857.14"
8/21/2025,"5,858.04"
4/22/2025,"5,861.67"
5/6/2021,"5,873.47"
1/29/2026,"5,877.10"
3/16/2021,"5,881.64"
9/16/2025,"5,887.99"
8/7/2025,"5,888.90"
5/10/2021,"5,890.71"
8/8/2025,"5,892.53"
5/7/2021,"5,894.34"
8/28/2025,"5,894.34"
8/14/2025,"5,897.06"
4/29/2021,"5,897.97"
3/8/2021,"5,900.69"
8/11/2025,"5,900.69"
5/13/2025,"5,901.60"
4/17/2025,"5,904.32"
8/25/2025,"5,914.30"
6/6/2025,"5,925.19"
5/11/2021,"5,926.10"
5/14/2021,"5,927.01"
3/15/2021,"5,930.64"
8/18/2021,"5,930.64"
8/6/2025,"5,932.45"
9/24/2025,"5,934.26"
12/1/2021,"5,937.89"
6/24/2025,"5,938.80"
5/18/2021,"5,942.43"
9/25/2025,"5,944.25"
3/12/2021,"5,951.51"
5/5/2021,"5,955.13"
8/23/2021,"5,956.95"
6/10/2025,"5,957.86"
5/4/2021,"5,963.30"
9/2/2025,"5,984.17"
5/12/2021,"5,985.08"
6/25/2025,"5,986.89"
6/9/2025,"5,987.80"
3/11/2021,"5,990.52"
7/23/2025,"5,993.24"
3/5/2021,"5,995.97"
5/24/2021,"6,000.50"
11/30/2021,"6,001.41"
8/5/2025,"6,006.86"
5/17/2021,"6,010.48"
5/25/2021,"6,013.21"
6/30/2025,"6,015.93"
5/28/2021,"6,016.84"
3/10/2025,"6,016.84"
7/25/2025,"6,023.19"
12/3/2021,"6,024.10"
5/26/2021,"6,025.91"
6/26/2025,"6,028.63"
7/19/2021,"6,029.54"
8/17/2021,"6,034.08"
9/26/2025,"6,034.08"
3/11/2025,"6,035.89"
8/9/2021,"6,039.52"
3/5/2025,"6,041.34"
12/2/2021,"6,043.15"
3/17/2023,"6,044.06"
3/6/2025,"6,044.97"
7/1/2025,"6,046.78"
6/27/2025,"6,048.59"
9/10/2024,"6,054.95"
3/13/2025,"6,063.11"
5/27/2021,"6,067.65"
6/12/2023,"6,086.70"
7/16/2025,"6,091.24"
7/24/2025,"6,093.96"
3/7/2025,"6,105.76"
7/20/2021,"6,108.48"
11/15/2024,"6,109.39"
8/4/2025,"6,109.39"
3/15/2023,"6,113.93"
3/19/2025,"6,115.74"
8/26/2021,"6,117.56"
3/14/2025,"6,118.46"
4/3/2025,"6,118.46"
8/16/2021,"6,119.37"
10/29/2024,"6,123.00"
3/18/2025,"6,123.91"
8/24/2021,"6,124.81"
3/20/2023,"6,130.26"
7/22/2025,"6,130.26"
10/28/2024,"6,138.43"
3/12/2025,"6,138.43"
6/27/2023,"6,141.15"
7/15/2025,"6,148.41"
7/10/2025,"6,150.22"
6/1/2021,"6,152.04"
7/28/2025,"6,152.94"
3/17/2025,"6,155.67"
5/31/2023,"6,180.16"
7/3/2025,"6,181.98"
3/16/2023,"6,183.79"
8/4/2021,"6,187.42"
7/14/2025,"6,187.42"
6/14/2023,"6,190.15"
9/11/2024,"6,192.87"
8/6/2021,"6,193.78"
9/9/2021,"6,193.78"
11/29/2024,"6,193.78"
12/12/2023,"6,194.68"
9/26/2024,"6,195.59"
8/10/2021,"6,200.13"
12/2/2024,"6,201.94"
8/13/2021,"6,202.85"
7/21/2025,"6,205.57"
8/1/2025,"6,205.57"
8/31/2021,"6,209.20"
11/12/2024,"6,209.20"
3/4/2025,"6,212.83"
9/7/2021,"6,214.65"
5/4/2023,"6,217.37"
3/21/2025,"6,217.37"
7/18/2025,"6,218.27"
8/25/2021,"6,219.18"
3/20/2025,"6,220.09"
9/6/2024,"6,222.81"
12/5/2024,"6,222.81"
12/6/2024,"6,222.81"
5/3/2023,"6,226.44"
9/1/2021,"6,227.35"
3/3/2025,"6,227.35"
12/9/2024,"6,229.16"
7/2/2025,"6,230.07"
12/20/2021,"6,232.79"
9/27/2024,"6,235.52"
6/12/2025,"6,236.42"
9/30/2024,"6,238.24"
11/13/2024,"6,239.14"
7/17/2025,"6,239.14"
6/2/2021,"6,241.87"
6/3/2021,"6,243.68"
12/4/2024,"6,243.68"
8/27/2021,"6,246.40"
12/10/2024,"6,247.31"
2/26/2025,"6,249.13"
6/23/2023,"6,252.76"
10/30/2024,"6,252.76"
6/11/2025,"6,252.76"
12/6/2023,"6,259.11"
11/14/2024,"6,260.01"
12/7/2023,"6,260.92"
11/27/2024,"6,263.64"
11/26/2024,"6,265.46"
6/26/2023,"6,269.09"
12/13/2023,"6,269.09"
8/5/2021,"6,270.00"
8/12/2021,"6,271.81"
2/25/2025,"6,274.53"
7/7/2025,"6,275.44"
6/7/2021,"6,279.98"
3/24/2023,"6,280.88"
6/22/2023,"6,280.88"
11/20/2024,"6,283.61"
8/30/2021,"6,286.33"
8/11/2021,"6,288.14"
9/3/2021,"6,291.77"
9/8/2021,"6,293.59"
6/23/2025,"6,293.59"
6/13/2023,"6,296.31"
3/21/2023,"6,297.22"
11/25/2024,"6,298.12"
5/30/2023,"6,301.75"
11/18/2024,"6,302.66"
3/24/2025,"6,302.66"
3/25/2025,"6,304.48"
12/23/2024,"6,306.29"
6/28/2023,"6,309.92"
7/8/2025,"6,310.83"
6/4/2021,"6,312.64"
10/31/2024,"6,313.55"
9/13/2024,"6,314.46"
7/9/2025,"6,316.27"
12/6/2021,"6,317.18"
7/11/2025,"6,318.09"
9/9/2024,"6,319.90"
7/3/2023,"6,325.35"
12/20/2024,"6,325.35"
3/28/2025,"6,328.07"
11/19/2024,"6,328.98"
3/23/2023,"6,330.79"
10/18/2024,"6,331.70"
11/1/2024,"6,334.42"
9/10/2021,"6,335.33"
6/29/2023,"6,338.05"
11/29/2021,"6,340.77"
9/12/2024,"6,341.68"
6/9/2021,"6,342.59"
2/28/2025,"6,348.94"
5/12/2023,"6,353.47"
3/26/2025,"6,356.20"
9/2/2021,"6,358.01"
6/1/2023,"6,359.83"
9/5/2024,"6,359.83"
12/19/2024,"6,360.73"
6/8/2021,"6,361.64"
9/4/2024,"6,361.64"
12/3/2024,"6,365.27"
6/9/2023,"6,366.18"
12/12/2024,"6,374.34"
7/21/2021,"6,375.25"
7/29/2025,"6,376.16"
3/27/2025,"6,378.88"
12/17/2024,"6,379.79"
6/10/2021,"6,382.51"
7/31/2025,"6,384.33"
12/26/2024,"6,386.14"
11/21/2024,"6,387.05"
9/20/2021,"6,388.86"
10/1/2024,"6,388.86"
9/25/2024,"6,389.77"
9/21/2021,"6,397.94"
9/14/2021,"6,399.75"
9/13/2021,"6,400.66"
12/14/2021,"6,403.38"
12/11/2024,"6,403.38"
10/24/2024,"6,404.29"
6/15/2023,"6,407.01"
1/2/2024,"6,407.92"
2/27/2025,"6,407.92"
8/3/2021,"6,409.73"
6/30/2023,"6,411.55"
11/8/2024,"6,414.27"
3/22/2023,"6,416.08"
2/21/2025,"6,416.99"
10/2/2024,"6,418.81"
12/18/2024,"6,424.25"
5/11/2023,"6,425.16"
5/16/2023,"6,428.79"
12/9/2021,"6,430.60"
12/8/2023,"6,430.60"
12/24/2024,"6,430.60"
12/15/2021,"6,432.42"
12/17/2021,"6,436.05"
6/14/2021,"6,436.95"
6/20/2023,"6,436.95"
12/11/2023,"6,437.86"
10/16/2024,"6,439.68"
2/6/2025,"6,439.68"
6/11/2021,"6,442.40"
12/16/2024,"6,445.12"
12/9/2022,"6,446.93"
12/15/2023,"6,446.93"
2/14/2025,"6,446.93"
6/17/2021,"6,447.84"
1/8/2024,"6,447.84"
2/24/2025,"6,447.84"
5/15/2023,"6,448.75"
7/30/2025,"6,450.56"
12/21/2021,"6,451.47"
9/16/2024,"6,451.47"
10/21/2024,"6,456.92"
3/14/2023,"6,458.73"
12/13/2021,"6,459.64"
12/14/2023,"6,461.45"
10/15/2024,"6,462.36"
10/17/2024,"6,465.99"
6/8/2023,"6,467.80"
9/3/2024,"6,467.80"
12/27/2024,"6,467.80"
12/8/2022,"6,469.62"
8/2/2021,"6,470.53"
5/5/2023,"6,471.43"
2/7/2025,"6,471.43"
9/23/2024,"6,472.34"
10/23/2024,"6,475.97"
2/5/2025,"6,477.79"
12/13/2024,"6,491.40"
5/19/2023,"6,494.12"
1/10/2024,"6,494.12"
4/1/2025,"6,497.75"
6/18/2021,"6,500.47"
2/13/2025,"6,502.28"
7/15/2021,"6,503.19"
7/27/2021,"6,504.10"
5/25/2023,"6,504.10"
11/22/2024,"6,504.10"
12/10/2021,"6,506.82"
5/2/2023,"6,506.82"
6/6/2023,"6,506.82"
2/12/2025,"6,507.73"
12/30/2024,"6,508.64"
7/16/2021,"6,511.36"
6/2/2023,"6,511.36"
7/6/2023,"6,511.36"
7/5/2023,"6,513.17"
5/22/2023,"6,515.90"
6/16/2023,"6,515.90"
5/18/2023,"6,516.80"
11/4/2024,"6,517.71"
9/18/2024,"6,521.34"
3/31/2025,"6,521.34"
12/29/2023,"6,523.15"
12/7/2022,"6,526.78"
12/7/2021,"6,527.69"
12/5/2023,"6,528.60"
11/6/2024,"6,531.32"
12/28/2023,"6,534.95"
10/25/2024,"6,534.95"
6/16/2021,"6,535.86"
6/15/2021,"6,538.58"
9/17/2021,"6,541.30"
4/2/2025,"6,544.02"
6/5/2023,"6,545.84"
7/22/2021,"6,546.75"
7/26/2021,"6,546.75"
1/11/2024,"6,546.75"
12/18/2023,"6,547.65"
9/17/2024,"6,547.65"
2/18/2025,"6,552.19"
7/7/2021,"6,553.10"
7/23/2021,"6,554.91"
11/5/2024,"6,556.73"
12/16/2021,"6,563.99"
9/24/2024,"6,563.99"
5/26/2023,"6,564.89"
7/28/2021,"6,566.71"
9/22/2021,"6,566.71"
1/4/2024,"6,567.62"
12/8/2021,"6,572.15"
1/9/2024,"6,572.15"
12/31/2024,"6,573.06"
6/7/2023,"6,580.32"
5/10/2023,"6,581.23"
6/16/2025,"6,581.23"
6/21/2023,"6,583.04"
2/19/2025,"6,585.76"
9/15/2021,"6,586.67"
1/16/2024,"6,590.30"
9/16/2021,"6,595.74"
11/7/2024,"6,595.74"
2/2/2024,"6,598.47"
9/20/2024,"6,598.47"
12/4/2023,"6,599.37"
2/10/2025,"6,599.37"
8/21/2024,"6,602.10"
5/17/2023,"6,603.91"
1/17/2024,"6,604.82"
12/22/2021,"6,607.54"
1/4/2023,"6,607.54"
10/22/2024,"6,609.36"
1/31/2025,"6,609.36"
9/19/2024,"6,611.17"
3/27/2023,"6,612.08"
5/23/2023,"6,612.08"
2/20/2025,"6,612.99"
1/12/2024,"6,618.43"
1/29/2025,"6,618.43"
3/29/2023,"6,619.34"
12/12/2022,"6,620.24"
1/3/2024,"6,621.15"
6/28/2021,"6,622.06"
7/8/2021,"6,622.06"
2/4/2025,"6,627.50"
7/10/2023,"6,628.41"
7/14/2021,"6,629.32"
1/30/2025,"6,632.95"
6/23/2021,"6,633.85"
3/28/2023,"6,634.76"
5/8/2023,"6,635.67"
6/29/2021,"6,636.58"
6/22/2021,"6,637.48"
2/5/2024,"6,642.93"
12/19/2023,"6,644.74"
12/22/2023,"6,650.19"
6/24/2021,"6,652.00"
2/3/2023,"6,660.17"
9/23/2021,"6,662.89"
11/16/2023,"6,669.24"
1/27/2025,"6,670.15"
6/30/2021,"6,671.06"
2/3/2025,"6,671.06"
12/21/2023,"6,677.41"
1/5/2023,"6,679.22"
7/6/2021,"6,680.13"
7/29/2021,"6,680.13"
6/21/2021,"6,681.95"
2/11/2025,"6,684.67"
5/9/2023,"6,685.58"
1/19/2024,"6,686.48"
12/1/2023,"6,687.39"
8/22/2024,"6,689.20"
1/6/2023,"6,693.74"
1/2/2025,"6,695.56"
2/6/2024,"6,699.19"
6/13/2025,"6,700.09"
10/9/2024,"6,701.00"
12/20/2023,"6,702.82"
12/23/2021,"6,704.63"
7/7/2023,"6,706.45"
7/30/2021,"6,708.26"
2/22/2023,"6,710.07"
1/8/2025,"6,713.70"
1/5/2024,"6,714.61"
2/6/2023,"6,724.59"
1/28/2025,"6,728.22"
7/17/2023,"6,730.04"
9/24/2021,"6,730.94"
12/16/2022,"6,731.85"
6/25/2021,"6,733.67"
7/12/2021,"6,733.67"
12/6/2022,"6,733.67"
2/7/2024,"6,738.20"
10/8/2024,"6,738.20"
6/4/2024,"6,739.11"
12/27/2023,"6,742.74"
1/6/2025,"6,742.74"
3/30/2023,"6,743.65"
1/18/2024,"6,743.65"
4/26/2023,"6,744.56"
10/3/2024,"6,744.56"
2/1/2024,"6,747.28"
5/24/2023,"6,748.18"
11/27/2023,"6,756.35"
8/5/2024,"6,756.35"
8/30/2024,"6,761.80"
7/9/2021,"6,765.42"
8/6/2024,"6,769.05"
1/3/2025,"6,772.68"
3/13/2023,"6,776.31"
1/9/2023,"6,777.22"
1/23/2024,"6,779.94"
4/27/2023,"6,784.48"
11/24/2023,"6,789.92"
7/11/2023,"6,793.55"
10/4/2024,"6,799.00"
1/24/2025,"6,802.63"
8/2/2024,"6,804.44"
1/7/2025,"6,804.44"
1/23/2025,"6,808.07"
12/19/2022,"6,809.89"
9/29/2021,"6,810.79"
6/5/2024,"6,812.61"
1/10/2023,"6,815.33"
9/30/2021,"6,825.31"
7/13/2021,"6,827.13"
2/23/2023,"6,828.94"
1/22/2024,"6,828.94"
6/3/2024,"6,828.94"
8/20/2024,"6,829.85"
7/1/2021,"6,835.29"
12/31/2021,"6,835.29"
7/2/2021,"6,838.92"
7/19/2023,"6,841.64"
9/28/2021,"6,845.27"
12/13/2022,"6,845.27"
7/14/2023,"6,845.27"
1/24/2024,"6,848.90"
12/27/2021,"6,849.81"
8/28/2024,"6,849.81"
9/27/2021,"6,854.35"
2/27/2023,"6,857.07"
3/9/2023,"6,859.79"
6/17/2025,"6,861.61"
5/1/2023,"6,864.33"
7/20/2023,"6,864.33"
11/30/2023,"6,865.24"
3/31/2023,"6,867.05"
6/20/2025,"6,870.68"
7/18/2023,"6,874.31"
7/12/2023,"6,875.22"
8/19/2024,"6,879.75"
8/23/2024,"6,879.75"
12/26/2023,"6,881.57"
11/8/2023,"6,882.48"
2/2/2023,"6,884.29"
12/15/2022,"6,886.11"
6/18/2025,"6,886.11"
12/20/2022,"6,888.83"
1/3/2022,"6,895.18"
10/1/2021,"6,896.99"
12/28/2021,"6,896.99"
11/28/2023,"6,904.25"
11/19/2021,"6,906.07"
10/11/2024,"6,906.07"
1/22/2025,"6,906.98"
7/30/2024,"6,911.51"
2/24/2023,"6,913.33"
2/21/2023,"6,921.49"
1/31/2024,"6,921.49"
2/17/2023,"6,924.22"
2/1/2023,"6,926.94"
11/9/2023,"6,926.94"
11/25/2022,"6,936.92"
10/10/2024,"6,937.83"
11/17/2023,"6,938.73"
8/27/2024,"6,941.46"
6/6/2024,"6,943.27"
6/7/2024,"6,944.18"
3/10/2023,"6,945.99"
3/8/2023,"6,946.90"
12/29/2021,"6,948.72"
2/8/2024,"6,956.88"
8/7/2024,"6,957.79"
11/22/2021,"6,963.23"
4/28/2023,"6,966.86"
1/21/2025,"6,967.77"
11/22/2023,"6,968.68"
12/30/2021,"6,971.40"
12/5/2022,"6,971.40"
7/13/2023,"6,974.12"
1/3/2023,"6,975.03"
2/28/2023,"6,975.94"
8/29/2024,"6,977.75"
1/4/2022,"6,986.83"
4/25/2023,"6,991.36"
7/21/2023,"6,992.27"
2/14/2024,"6,994.99"
11/28/2022,"6,995.90"
12/14/2022,"6,999.53"
11/15/2023,"7,000.44"
9/26/2022,"7,002.25"
2/7/2023,"7,002.25"
1/29/2024,"7,009.51"
2/9/2024,"7,010.42"
4/20/2023,"7,011.32"
7/29/2024,"7,011.32"
1/10/2025,"7,011.32"
2/12/2024,"7,017.68"
3/7/2023,"7,027.66"
1/11/2023,"7,028.57"
5/23/2024,"7,029.47"
11/29/2023,"7,037.64"
3/1/2023,"7,038.55"
2/23/2024,"7,041.27"
8/8/2024,"7,044.90"
10/6/2021,"7,046.71"
10/4/2021,"7,048.53"
12/22/2022,"7,048.53"
8/1/2024,"7,053.97"
10/7/2024,"7,055.79"
1/5/2022,"7,062.14"
4/21/2023,"7,064.86"
1/25/2024,"7,069.40"
11/23/2022,"7,071.21"
11/29/2022,"7,073.93"
11/7/2023,"7,073.93"
1/30/2023,"7,074.84"
5/31/2024,"7,074.84"
2/9/2023,"7,081.19"
3/2/2023,"7,082.10"
8/16/2024,"7,082.10"
11/20/2023,"7,086.64"
1/10/2022,"7,087.54"
12/21/2022,"7,092.99"
1/14/2025,"7,095.71"
7/23/2024,"7,099.34"
2/13/2024,"7,102.97"
8/9/2024,"7,102.97"
1/30/2024,"7,104.79"
11/17/2021,"7,106.60"
11/23/2021,"7,106.60"
11/24/2021,"7,106.60"
1/12/2023,"7,106.60"
11/21/2023,"7,109.32"
8/26/2024,"7,113.86"
12/29/2022,"7,116.58"
2/16/2023,"7,118.40"
1/26/2024,"7,118.40"
10/7/2021,"7,119.30"
2/8/2023,"7,120.21"
2/15/2024,"7,120.21"
8/14/2024,"7,120.21"
5/24/2024,"7,121.12"
3/12/2024,"7,123.84"
2/26/2024,"7,125.65"
1/17/2025,"7,128.38"
2/15/2023,"7,129.28"
7/26/2024,"7,130.19"
4/24/2023,"7,135.64"
2/20/2024,"7,142.89"
6/10/2024,"7,145.62"
7/24/2024,"7,148.34"
7/24/2023,"7,151.06"
11/13/2023,"7,155.60"
3/11/2024,"7,156.51"
11/4/2021,"7,157.41"
6/11/2024,"7,157.41"
12/28/2022,"7,158.32"
2/21/2024,"7,158.32"
11/14/2023,"7,159.23"
9/27/2022,"7,160.14"
8/23/2023,"7,160.14"
11/18/2021,"7,161.04"
1/31/2023,"7,163.76"
3/8/2024,"7,164.67"
5/30/2024,"7,164.67"
1/7/2022,"7,168.30"
9/23/2022,"7,174.65"
2/14/2023,"7,175.56"
7/26/2023,"7,178.28"
3/5/2024,"7,178.28"
5/22/2024,"7,181.91"
10/5/2021,"7,183.73"
4/19/2023,"7,184.63"
2/29/2024,"7,188.26"
1/16/2025,"7,200.06"
7/31/2024,"7,200.97"
8/16/2023,"7,204.60"
6/14/2024,"7,205.50"
7/25/2024,"7,207.32"
2/28/2024,"7,208.23"
12/27/2022,"7,209.13"
1/6/2022,"7,210.95"
8/2/2023,"7,213.67"
8/24/2023,"7,215.49"
1/18/2023,"7,216.39"
10/8/2021,"7,218.21"
6/12/2024,"7,219.11"
12/23/2022,"7,220.02"
1/13/2025,"7,220.02"
6/13/2024,"7,223.65"
3/3/2023,"7,224.56"
5/14/2024,"7,224.56"
2/22/2024,"7,226.37"
2/16/2024,"7,227.28"
5/3/2024,"7,227.28"
8/15/2024,"7,228.19"
3/4/2024,"7,229.10"
1/27/2023,"7,234.54"
11/21/2022,"7,235.45"
2/10/2023,"7,235.45"
7/25/2023,"7,237.26"
1/25/2023,"7,239.08"
4/10/2023,"7,239.98"
2/27/2024,"7,240.89"
3/7/2024,"7,241.80"
5/10/2024,"7,241.80"
8/13/2024,"7,241.80"
12/2/2022,"7,246.34"
1/24/2023,"7,246.34"
1/13/2023,"7,249.97"
9/30/2022,"7,250.87"
5/7/2024,"7,256.32"
11/18/2022,"7,265.39"
3/6/2024,"7,266.30"
5/6/2024,"7,268.11"
2/13/2023,"7,271.74"
12/30/2022,"7,273.56"
7/27/2023,"7,274.47"
5/15/2024,"7,279.91"
5/29/2024,"7,280.82"
1/17/2023,"7,281.72"
8/22/2023,"7,281.72"
1/19/2023,"7,287.17"
3/6/2023,"7,294.43"
4/3/2023,"7,295.33"
8/17/2023,"7,298.06"
8/25/2023,"7,301.69"
11/30/2022,"7,302.59"
7/28/2023,"7,308.95"
5/8/2024,"7,310.76"
5/2/2024,"7,312.58"
10/11/2021,"7,317.11"
1/26/2023,"7,317.11"
8/28/2023,"7,318.02"
5/21/2024,"7,318.93"
10/13/2021,"7,319.83"
3/13/2024,"7,319.83"
4/5/2023,"7,321.65"
4/4/2023,"7,322.56"
4/6/2023,"7,322.56"
5/1/2024,"7,322.56"
8/21/2023,"7,323.46"
5/13/2024,"7,323.46"
1/15/2025,"7,325.28"
10/12/2021,"7,327.09"
11/16/2021,"7,328.00"
11/3/2021,"7,333.44"
11/22/2022,"7,334.35"
11/15/2021,"7,336.17"
4/18/2023,"7,336.17"
5/16/2024,"7,336.17"
5/9/2024,"7,337.07"
11/12/2021,"7,337.98"
3/1/2024,"7,340.70"
5/28/2024,"7,340.70"
4/17/2023,"7,343.43"
11/1/2023,"7,354.31"
12/1/2022,"7,355.22"
8/15/2023,"7,355.22"
3/22/2024,"7,358.85"
8/29/2023,"7,362.48"
1/11/2022,"7,365.20"
11/3/2023,"7,367.02"
11/10/2021,"7,370.65"
11/5/2021,"7,372.46"
8/18/2023,"7,372.46"
7/22/2024,"7,372.46"
1/20/2023,"7,374.28"
6/17/2024,"7,379.72"
8/1/2023,"7,383.35"
5/20/2024,"7,385.17"
10/14/2021,"7,388.79"
7/19/2024,"7,388.79"
8/12/2024,"7,390.61"
11/11/2021,"7,392.42"
4/11/2023,"7,398.78"
11/6/2023,"7,398.78"
8/3/2023,"7,400.59"
1/23/2023,"7,406.04"
8/30/2023,"7,407.85"
10/31/2023,"7,407.85"
5/17/2024,"7,409.66"
11/17/2022,"7,412.39"
6/21/2024,"7,414.20"
9/29/2022,"7,420.55"
7/31/2023,"7,422.37"
7/16/2024,"7,433.26"
8/7/2023,"7,435.07"
3/15/2024,"7,435.07"
11/8/2021,"7,436.89"
1/13/2022,"7,437.79"
6/25/2024,"7,437.79"
3/21/2024,"7,439.61"
3/27/2024,"7,454.13"
4/13/2023,"7,455.03"
3/14/2024,"7,455.03"
6/26/2024,"7,457.76"
10/5/2023,"7,467.74"
10/15/2021,"7,475.90"
3/25/2024,"7,477.72"
3/26/2024,"7,477.72"
9/7/2022,"7,485.88"
8/14/2023,"7,485.88"
1/12/2022,"7,486.79"
4/14/2023,"7,493.14"
9/28/2022,"7,495.87"
10/18/2021,"7,496.77"
6/24/2024,"7,497.68"
10/21/2021,"7,498.59"
10/27/2021,"7,500.40"
6/18/2024,"7,501.31"
8/4/2023,"7,509.48"
10/28/2021,"7,511.29"
7/9/2024,"7,511.29"
3/20/2024,"7,512.20"
8/10/2023,"7,514.01"
10/6/2023,"7,515.83"
6/28/2024,"7,515.83"
10/12/2023,"7,519.46"
8/8/2023,"7,525.81"
10/30/2023,"7,533.98"
11/2/2023,"7,534.88"
6/27/2024,"7,534.88"
8/11/2023,"7,546.68"
10/19/2021,"7,548.49"
7/15/2024,"7,551.22"
4/12/2023,"7,554.85"
10/18/2022,"7,557.57"
6/20/2024,"7,562.10"
9/21/2022,"7,565.73"
7/10/2024,"7,566.64"
4/30/2024,"7,575.72"
7/12/2024,"7,575.72"
10/29/2021,"7,576.62"
4/18/2024,"7,576.62"
8/31/2023,"7,581.16"
4/17/2024,"7,583.88"
7/8/2024,"7,588.42"
3/18/2024,"7,592.96"
10/11/2023,"7,594.77"
4/19/2024,"7,602.94"
10/26/2023,"7,603.84"
1/14/2022,"7,605.66"
4/22/2024,"7,605.66"
11/2/2021,"7,613.83"
7/11/2024,"7,614.73"
3/28/2024,"7,618.36"
9/22/2022,"7,623.81"
9/8/2022,"7,625.62"
10/3/2022,"7,626.53"
11/1/2021,"7,629.25"
4/24/2024,"7,630.16"
7/2/2024,"7,630.16"
11/9/2021,"7,632.88"
7/17/2024,"7,636.51"
4/23/2024,"7,637.42"
7/18/2024,"7,637.42"
4/29/2024,"7,645.58"
10/4/2023,"7,651.03"
8/9/2023,"7,653.75"
3/19/2024,"7,657.38"
10/20/2021,"7,658.29"
7/5/2024,"7,661.92"
1/24/2022,"7,665.55"
10/22/2021,"7,670.08"
4/1/2024,"7,670.99"
10/24/2023,"7,674.62"
10/25/2021,"7,680.06"
9/20/2022,"7,684.60"
7/1/2024,"7,685.51"
4/25/2024,"7,705.47"
1/21/2022,"7,727.25"
7/3/2024,"7,729.97"
4/26/2024,"7,747.21"
1/18/2022,"7,750.84"
10/21/2022,"7,755.38"
10/23/2023,"7,757.19"
9/1/2023,"7,759.91"
9/16/2022,"7,764.45"
11/16/2022,"7,768.99"
10/26/2021,"7,770.80"
9/15/2022,"7,778.06"
11/9/2022,"7,784.41"
4/11/2024,"7,784.41"
11/14/2022,"7,789.86"
10/10/2023,"7,793.49"
4/2/2024,"7,798.93"
10/17/2022,"7,803.47"
10/19/2022,"7,803.47"
10/20/2022,"7,805.28"
10/27/2023,"7,807.10"
4/9/2024,"7,807.10"
10/25/2023,"7,809.82"
10/14/2022,"7,812.54"
10/24/2022,"7,814.36"
9/19/2022,"7,817.08"
4/16/2024,"7,817.08"
4/15/2024,"7,822.52"
4/3/2024,"7,823.43"
1/20/2022,"7,829.78"
4/12/2024,"7,845.21"
11/10/2022,"7,850.65"
10/31/2022,"7,852.47"
1/25/2022,"7,858.82"
10/16/2023,"7,862.45"
10/17/2023,"7,863.35"
9/5/2023,"7,870.61"
1/19/2022,"7,879.69"
10/4/2022,"7,882.41"
11/15/2022,"7,882.41"
9/7/2023,"7,882.41"
10/25/2022,"7,887.85"
4/10/2024,"7,892.39"
9/1/2022,"7,902.37"
4/8/2024,"7,915.98"
9/9/2022,"7,918.70"
9/2/2022,"7,920.52"
9/11/2023,"7,921.43"
9/6/2022,"7,925.96"
4/4/2024,"7,927.78"
9/8/2023,"7,940.48"
9/6/2023,"7,944.11"
1/27/2022,"7,949.56"
1/28/2022,"7,955.00"
10/13/2023,"7,955.00"
4/5/2024,"7,956.81"
10/12/2022,"7,969.52"
9/13/2022,"7,970.43"
10/28/2022,"7,971.33"
11/3/2022,"7,997.65"
2/2/2022,"7,999.46"
9/12/2022,"8,001.28"
2/1/2022,"8,004.91"
10/5/2022,"8,004.91"
1/26/2022,"8,014.89"
10/18/2023,"8,016.70"
11/1/2022,"8,017.61"
9/13/2023,"8,038.48"
11/8/2022,"8,057.53"
10/2/2023,"8,058.44"
9/12/2023,"8,063.89"
9/14/2022,"8,064.79"
10/6/2022,"8,066.61"
10/27/2022,"8,081.13"
10/20/2023,"8,086.57"
11/11/2022,"8,088.38"
1/31/2022,"8,090.20"
9/20/2023,"8,093.83"
8/16/2022,"8,096.55"
10/3/2023,"8,099.27"
2/8/2022,"8,104.72"
10/19/2023,"8,107.44"
10/26/2022,"8,111.07"
9/21/2023,"8,126.49"
2/9/2022,"8,127.40"
10/13/2022,"8,129.22"
9/25/2023,"8,137.38"
10/11/2022,"8,143.74"
2/10/2022,"8,150.99"
9/22/2023,"8,166.42"
11/2/2022,"8,171.86"
8/31/2022,"8,174.59"
9/14/2023,"8,178.22"
2/3/2022,"8,181.85"
9/29/2023,"8,236.29"
9/15/2023,"8,241.73"
8/17/2022,"8,243.55"
9/19/2023,"8,271.68"
2/7/2022,"8,279.84"
2/18/2022,"8,280.75"
8/4/2022,"8,283.47"
9/26/2023,"8,296.17"
9/18/2023,"8,299.80"
10/10/2022,"8,311.60"
9/28/2023,"8,316.14"
2/25/2022,"8,318.86"
8/5/2022,"8,327.03"
2/17/2022,"8,327.93"
11/7/2022,"8,329.75"
2/15/2022,"8,354.25"
8/30/2022,"8,355.15"
2/22/2022,"8,357.88"
2/23/2022,"8,360.60"
8/15/2022,"8,369.67"
2/4/2022,"8,372.39"
11/4/2022,"8,400.52"
2/24/2022,"8,417.76"
10/7/2022,"8,444.99"
2/11/2022,"8,447.71"
8/9/2022,"8,454.97"
8/18/2022,"8,456.78"
8/3/2022,"8,461.32"
8/25/2022,"8,468.58"
8/22/2022,"8,476.74"
8/8/2022,"8,485.82"
8/19/2022,"8,488.54"
8/26/2022,"8,495.80"
9/27/2023,"8,499.43"
2/16/2022,"8,513.95"
4/11/2022,"8,549.33"
8/10/2022,"8,591.07"
3/16/2022,"8,606.50"
8/12/2022,"8,607.41"
2/14/2022,"8,667.29"
8/24/2022,"8,667.29"
4/7/2022,"8,715.38"
2/28/2022,"8,722.64"
4/6/2022,"8,746.24"
3/15/2022,"8,748.96"
8/23/2022,"8,752.59"
8/1/2022,"8,764.38"
8/11/2022,"8,803.40"
8/2/2022,"8,814.29"
8/29/2022,"8,837.88"
7/12/2022,"8,864.19"
7/22/2022,"8,866.01"
7/26/2022,"8,868.73"
7/14/2022,"8,873.27"
4/8/2022,"8,924.08"
7/13/2022,"8,932.25"
7/21/2022,"8,932.25"
7/28/2022,"8,993.04"
4/1/2022,"9,012.10"
7/15/2022,"9,036.60"
4/25/2022,"9,037.50"
5/10/2022,"9,050.21"
7/25/2022,"9,058.37"
7/27/2022,"9,076.52"
7/6/2022,"9,101.93"
4/12/2022,"9,120.98"
3/31/2022,"9,121.89"
7/29/2022,"9,192.67"
7/5/2022,"9,214.44"
4/27/2022,"9,251.65"
4/5/2022,"9,253.46"
5/3/2022,"9,303.37"
4/19/2022,"9,304.27"
4/20/2022,"9,306.09"
4/26/2022,"9,311.53"
4/22/2022,"9,333.31"
3/17/2022,"9,343.29"
5/9/2022,"9,353.27"
3/14/2022,"9,365.98"
4/4/2022,"9,372.33"
3/1/2022,"9,405.90"
4/21/2022,"9,426.77"
3/29/2022,"9,459.44"
4/13/2022,"9,460.34"
7/20/2022,"9,477.58"
7/18/2022,"9,480.31"
4/29/2022,"9,490.29"
7/7/2022,"9,493.01"
3/18/2022,"9,499.36"
5/2/2022,"9,543.82"
4/28/2022,"9,570.14"
5/11/2022,"9,572.86"
6/23/2022,"9,595.54"
3/10/2022,"9,611.88"
7/11/2022,"9,626.39"
7/19/2022,"9,629.12"
5/12/2022,"9,631.84"
6/22/2022,"9,638.19"
7/8/2022,"9,689.00"
4/14/2022,"9,694.45"
3/28/2022,"9,758.87"
3/3/2022,"9,771.57"
6/30/2022,"9,777.93"
3/30/2022,"9,782.46"
5/4/2022,"9,785.19"
5/5/2022,"9,815.13"
4/18/2022,"9,821.48"
3/9/2022,"9,873.20"
6/24/2022,"9,896.79"
3/11/2022,"9,918.57"
6/17/2022,"9,941.25"
5/18/2022,"9,951.24"
5/6/2022,"9,955.77"
7/1/2022,"10,008.40"
5/23/2022,"10,010.22"
6/21/2022,"10,025.64"
5/13/2022,"10,028.36"
3/2/2022,"10,048.33"
3/22/2022,"10,074.64"
6/27/2022,"10,111.84"
6/29/2022,"10,130.90"
3/21/2022,"10,175.36"
5/19/2022,"10,181.71"
5/17/2022,"10,190.78"
5/24/2022,"10,212.56"
5/20/2022,"10,219.82"
5/25/2022,"10,242.50"
6/28/2022,"10,313.28"
5/16/2022,"10,350.48"
3/24/2022,"10,362.28"
5/31/2022,"10,378.61"
3/23/2022,"10,424.89"
5/27/2022,"10,431.24"
6/1/2022,"10,458.46"
6/15/2022,"10,463.91"
3/4/2022,"10,504.74"
5/26/2022,"10,542.85"
3/25/2022,"10,543.76"
6/2/2022,"10,605.46"
6/16/2022,"10,667.16"
6/6/2022,"10,744.29"
6/14/2022,"10,790.56"
6/3/2022,"10,795.10"
3/7/2022,"10,821.41"
6/7/2022,"10,847.73"
6/10/2022,"10,954.80"
6/13/2022,"10,972.04"
6/9/2022,"11,026.48"
6/8/2022,"11,064.59"
3/8/2022,"11,218.85"
